country,province,district,response,vaccine.type,roundNumber,numbercluster,round_start_date,start_date,end_date,year,male_sampled,female_sampled,total_sampled,male_vaccinated,female_vaccinated,total_vaccinated,missed_child,r_non_compliance,r_house_not_visited,r_childabsent,r_security,r_childnotborn,care_giver_informed_sia,percent_care_giver_informed_sia,total_missed,status,performance,tot_r,other_r,prct_r_non_compliance,prct_r_house_not_visited,prct_r_childabsent,prct_r_childnotborn,prct_r_security,prct_other_r
NIE,Adamawa,Demsa,NIE-2025-10-01_nOPV_sNID,nOPV2 & bOPV,Rnd1,6,2025-10-06,2025-10-10,2025-10-11,2025,36,24,60,39,20,59,1,0,0,0,0,0,59,98.33,1,Pass,high,0,1,0,0,0,0,0,100
NIE,Adamawa,Fufore,NIE-2025-10-01_nOPV_sNID,nOPV2 & bOPV,Rnd1,6,2025-10-06,2025-10-10,2025-10-11,2025,31,29,60,31,28,59,1,0,0,1,0,0,42,70,1,Pass,high,1,0,0,0,100,0,0,0
NIE,Adamawa,Ganye,NIE-2025-10-01_nOPV_sNID,nOPV2 & bOPV,Rnd1,6,2025-10-06,2025-10-10,2025-10-11,2025,26,34,60,26,32,58,2,0,1,0,0,0,55,91.67,2,Pass,high,1,1,0,50,0,0,0,50
NIE,Adamawa,Girei,NIE-2025-10-01_nOPV_sNID,nOPV2 & bOPV,Rnd1,6,2025-10-06,2025-10-10,2025-10-11,2025,30,30,60,26,34,60,0,0,0,0,0,0,59,98.33,0,Pass,high,0,0,0,0,0,0,0,0
NIE,Adamawa,Gombi,NIE-2025-10-01_nOPV_sNID,nOPV2 & bOPV,Rnd1,6,2025-10-06,2025-10-10,2025-10-11,2025,31,29,60,24,36,60,0,0,0,0,0,0,60,100,0,Pass,high,0,0,0,0,0,0,0,0
NIE,Adamawa,Guyuk,NIE-2025-10-01_nOPV_sNID,nOPV2 & bOPV,Rnd1,6,2025-10-06,2025-10-10,2025-10-11,2025,24,36,60,22,38,60,0,0,0,0,0,0,59,98.33,0,Pass,high,0,0,0,0,0,0,0,0
NIE,Adamawa,Hong,NIE-2025-10-01_nOPV_sNID,nOPV2 & bOPV,Rnd1,6,2025-10-06,2025-10-10,2025-10-11,2025,26,34,60,21,37,58,2,0,1,1,0,0,59,98.33,2,Pass,high,2,0,0,50,50,0,0,0
NIE,Adamawa,Jada,NIE-2025-10-01_nOPV_sNID,nOPV2 & bOPV,Rnd1,6,2025-10-06,2025-10-10,2025-10-11,2025,35,25,60,33,25,58,2,0,1,1,0,0,57,95,2,Pass,high,2,0,0,50,50,0,0,0
NIE,Adamawa,Lamurde,NIE-2025-10-01_nOPV_sNID,nOPV2 & bOPV,Rnd1,6,2025-10-06,2025-10-10,2025-10-11,2025,24,36,60,22,38,60,0,0,0,0,0,0,60,100,0,Pass,high,0,0,0,0,0,0,0,0
NIE,Adamawa,Madagali,NIE-2025-10-01_nOPV_sNID,nOPV2 & bOPV,Rnd1,6,2025-10-06,2025-10-10,2025-10-11,2025,29,31,60,30,24,54,6,0,2,4,0,0,53,88.33,6,Fail,moderate,6,0,0,33.33,66.67,0,0,0
NIE,Adamawa,Maiha,NIE-2025-10-01_nOPV_sNID,nOPV2 & bOPV,Rnd1,6,2025-10-06,2025-10-10,2025-10-11,2025,44,16,60,40,20,60,0,0,0,0,0,0,60,100,0,Pass,high,0,0,0,0,0,0,0,0
NIE,Adamawa,Mayo-Belwa,NIE-2025-10-01_nOPV_sNID,nOPV2 & bOPV,Rnd1,5,2025-10-06,2025-10-10,2025-10-11,2025,24,26,50,20,30,50,0,0,0,0,0,0,50,100,10,Fail,poor,0,10,0,0,0,0,0,100
NIE,Adamawa,Michika,NIE-2025-10-01_nOPV_sNID,nOPV2 & bOPV,Rnd1,6,2025-10-06,2025-10-10,2025-10-11,2025,35,25,60,32,28,60,0,0,0,0,0,0,41,68.33,0,Pass,high,0,0,0,0,0,0,0,0
NIE,Adamawa,Mubi North,NIE-2025-10-01_nOPV_sNID,nOPV2 & bOPV,Rnd1,6,2025-10-06,2025-10-10,2025-10-11,2025,26,34,60,26,34,60,0,0,0,0,0,0,60,100,0,Pass,high,0,0,0,0,0,0,0,0
NIE,Adamawa,Mubi South,NIE-2025-10-01_nOPV_sNID,nOPV2 & bOPV,Rnd1,6,2025-10-06,2025-10-10,2025-10-11,2025,30,30,60,30,29,59,1,0,0,1,0,0,56,93.33,1,Pass,high,1,0,0,0,100,0,0,0
NIE,Adamawa,Numan,NIE-2025-10-01_nOPV_sNID,nOPV2 & bOPV,Rnd1,6,2025-10-06,2025-10-10,2025-10-11,2025,28,32,60,28,30,58,2,0,1,0,0,0,59,98.33,2,Pass,high,1,1,0,50,0,0,0,50
NIE,Adamawa,Shelleng,NIE-2025-10-01_nOPV_sNID,nOPV2 & bOPV,Rnd1,6,2025-10-06,2025-10-10,2025-10-11,2025,35,25,60,32,25,57,3,0,0,3,0,0,56,93.33,3,Pass,high,3,0,0,0,100,0,0,0
NIE,Adamawa,Song,NIE-2025-10-01_nOPV_sNID,nOPV2 & bOPV,Rnd1,6,2025-10-06,2025-10-10,2025-10-11,2025,30,30,60,26,34,60,0,0,0,0,0,0,55,91.67,0,Pass,high,0,0,0,0,0,0,0,0
NIE,Adamawa,Toungo,NIE-2025-10-01_nOPV_sNID,nOPV2 & bOPV,Rnd1,6,2025-10-06,2025-10-10,2025-10-11,2025,31,29,60,30,30,60,0,0,0,0,0,0,60,100,0,Pass,high,0,0,0,0,0,0,0,0
NIE,Adamawa,Yola North,NIE-2025-10-01_nOPV_sNID,nOPV2 & bOPV,Rnd1,6,2025-10-06,2025-10-10,2025-10-11,2025,29,31,60,25,33,58,2,0,0,2,0,0,57,95,2,Pass,high,2,0,0,0,100,0,0,0
NIE,Adamawa,Yola South,NIE-2025-10-01_nOPV_sNID,nOPV2 & bOPV,Rnd1,6,2025-10-06,2025-10-10,2025-10-11,2025,26,34,60,24,36,60,0,0,0,0,0,0,60,100,0,Pass,high,0,0,0,0,0,0,0,0
NIE,Bauchi,Alkaleri,NIE-2025-10-01_nOPV_sNID,nOPV2 & bOPV,Rnd1,6,2025-10-06,2025-10-10,2025-10-11,2025,24,36,60,18,42,60,0,0,0,0,0,0,60,100,0,Pass,high,0,0,0,0,0,0,0,0
NIE,Bauchi,Bauchi,NIE-2025-10-01_nOPV_sNID,nOPV2 & bOPV,Rnd1,6,2025-10-06,2025-10-10,2025-10-11,2025,32,28,60,36,24,60,0,0,0,0,0,0,60,100,0,Pass,high,0,0,0,0,0,0,0,0
NIE,Bauchi,Bogoro,NIE-2025-10-01_nOPV_sNID,nOPV2 & bOPV,Rnd1,6,2025-10-06,2025-10-10,2025-10-11,2025,34,26,60,28,32,60,0,0,0,0,0,0,60,100,0,Pass,high,0,0,0,0,0,0,0,0
NIE,Bauchi,Damban,NIE-2025-10-01_nOPV_sNID,nOPV2 & bOPV,Rnd1,6,2025-10-06,2025-10-10,2025-10-11,2025,32,28,60,35,24,59,1,0,0,1,0,0,60,100,1,Pass,high,1,0,0,0,100,0,0,0
NIE,Bauchi,Darazo,NIE-2025-10-01_nOPV_sNID,nOPV2 & bOPV,Rnd1,6,2025-10-06,2025-10-10,2025-10-11,2025,28,32,60,26,34,60,0,0,0,0,0,0,60,100,0,Pass,high,0,0,0,0,0,0,0,0
NIE,Bauchi,Dass,NIE-2025-10-01_nOPV_sNID,nOPV2 & bOPV,Rnd1,6,2025-10-06,2025-10-10,2025-10-11,2025,32,28,60,32,27,59,1,0,0,0,0,0,59,98.33,1,Pass,high,0,1,0,0,0,0,0,100
NIE,Bauchi,Gamawa,NIE-2025-10-01_nOPV_sNID,nOPV2 & bOPV,Rnd1,6,2025-10-06,2025-10-10,2025-10-11,2025,30,30,60,30,28,58,2,0,0,0,0,0,60,100,2,Pass,high,0,2,0,0,0,0,0,100
NIE,Bauchi,Ganjuwa,NIE-2025-10-01_nOPV_sNID,nOPV2 & bOPV,Rnd1,6,2025-10-06,2025-10-10,2025-10-11,2025,33,27,60,22,21,43,17,0,6,8,0,0,4,6.67,17,Fail,poor,14,3,0,35.29,47.06,0,0,17.65
NIE,Bauchi,Giade,NIE-2025-10-01_nOPV_sNID,nOPV2 & bOPV,Rnd1,6,2025-10-06,2025-10-10,2025-10-11,2025,35,25,60,38,22,60,0,0,0,0,0,0,60,100,0,Pass,high,0,0,0,0,0,0,0,0
NIE,Bauchi,Itas/Gadau,NIE-2025-10-01_nOPV_sNID,nOPV2 & bOPV,Rnd1,5,2025-10-06,2025-10-10,2025-10-11,2025,28,22,50,28,22,50,0,0,0,0,0,0,50,100,10,Fail,poor,0,10,0,0,0,0,0,100
NIE,Bauchi,Jama'are,NIE-2025-10-01_nOPV_sNID,nOPV2 & bOPV,Rnd1,6,2025-10-06,2025-10-10,2025-10-11,2025,30,30,60,32,28,60,0,0,0,0,0,0,60,100,0,Pass,high,0,0,0,0,0,0,0,0
NIE,Bauchi,Katagum,NIE-2025-10-01_nOPV_sNID,nOPV2 & bOPV,Rnd1,6,2025-10-06,2025-10-10,2025-10-11,2025,33,27,60,37,20,57,3,0,0,1,0,0,54,90,3,Pass,high,1,2,0,0,33.33,0,0,66.67
NIE,Bauchi,Kirfi,NIE-2025-10-01_nOPV_sNID,nOPV2 & bOPV,Rnd1,6,2025-10-06,2025-10-10,2025-10-11,2025,28,32,60,4,3,7,53,3,0,4,0,0,53,88.33,53,Fail,very poor,7,46,5.66,0,7.55,0,0,86.79
NIE,Bauchi,Misau,NIE-2025-10-01_nOPV_sNID,nOPV2 & bOPV,Rnd1,6,2025-10-06,2025-10-10,2025-10-11,2025,28,32,60,30,30,60,0,0,0,0,0,0,60,100,0,Pass,high,0,0,0,0,0,0,0,0
NIE,Bauchi,Ningi,NIE-2025-10-01_nOPV_sNID,nOPV2 & bOPV,Rnd1,6,2025-10-06,2025-10-10,2025-10-11,2025,31,29,60,38,22,60,0,0,0,0,0,0,58,96.67,0,Pass,high,0,0,0,0,0,0,0,0
NIE,Bauchi,Shira,NIE-2025-10-01_nOPV_sNID,nOPV2 & bOPV,Rnd1,6,2025-10-06,2025-10-10,2025-10-11,2025,31,29,60,28,32,60,0,0,0,0,0,0,60,100,0,Pass,high,0,0,0,0,0,0,0,0
NIE,Bauchi,Tafawa-Balewa,NIE-2025-10-01_nOPV_sNID,nOPV2 & bOPV,Rnd1,6,2025-10-06,2025-10-10,2025-10-11,2025,28,32,60,32,26,58,2,0,0,2,0,0,36,60,2,Pass,high,2,0,0,0,100,0,0,0
NIE,Bauchi,Toro,NIE-2025-10-01_nOPV_sNID,nOPV2 & bOPV,Rnd1,6,2025-10-06,2025-10-10,2025-10-11,2025,26,34,60,26,33,59,1,0,0,0,0,0,59,98.33,1,Pass,high,0,1,0,0,0,0,0,100
NIE,Bauchi,Warji,NIE-2025-10-01_nOPV_sNID,nOPV2 & bOPV,Rnd1,6,2025-10-06,2025-10-10,2025-10-11,2025,33,27,60,36,24,60,0,0,0,0,0,0,60,100,0,Pass,high,0,0,0,0,0,0,0,0
NIE,Bauchi,Zaki,NIE-2025-10-01_nOPV_sNID,nOPV2 & bOPV,Rnd1,6,2025-10-06,2025-10-10,2025-10-11,2025,42,18,60,44,16,60,0,0,0,0,0,0,60,100,0,Pass,high,0,0,0,0,0,0,0,0
NIE,Benue,Ado,NIE-2025-10-01_nOPV_sNID,nOPV2,Rnd1,6,2025-10-06,2025-10-10,2025-10-11,2025,29,31,60,28,32,60,0,0,0,0,0,0,60,100,0,Pass,high,0,0,0,0,0,0,0,0
NIE,Benue,Agatu,NIE-2025-10-01_nOPV_sNID,nOPV2,Rnd1,6,2025-10-06,2025-10-10,2025-10-11,2025,29,31,60,35,24,59,1,0,0,1,0,0,47,78.33,1,Pass,high,1,0,0,0,100,0,0,0
NIE,Benue,Apa,NIE-2025-10-01_nOPV_sNID,nOPV2,Rnd1,6,2025-10-06,2025-10-10,2025-10-11,2025,27,33,60,30,30,60,0,0,0,0,0,0,60,100,0,Pass,high,0,0,0,0,0,0,0,0
NIE,Benue,Buruku,NIE-2025-10-01_nOPV_sNID,nOPV2,Rnd1,6,2025-10-06,2025-10-10,2025-10-11,2025,33,27,60,40,14,54,6,1,0,3,0,0,58,96.67,6,Fail,moderate,4,2,16.67,0,50,0,0,33.33
NIE,Benue,Gboko,NIE-2025-10-01_nOPV_sNID,nOPV2,Rnd1,6,2025-10-06,2025-10-10,2025-10-11,2025,33,27,60,32,28,60,0,0,0,0,0,0,60,100,0,Pass,high,0,0,0,0,0,0,0,0
NIE,Benue,Guma,NIE-2025-10-01_nOPV_sNID,nOPV2,Rnd1,6,2025-10-06,2025-10-10,2025-10-11,2025,35,25,60,33,25,58,2,0,0,1,0,0,39,65,2,Pass,high,1,1,0,0,50,0,0,50
NIE,Benue,Gwer East,NIE-2025-10-01_nOPV_sNID,nOPV2,Rnd1,6,2025-10-06,2025-10-10,2025-10-11,2025,33,27,60,32,28,60,0,0,0,0,0,0,60,100,0,Pass,high,0,0,0,0,0,0,0,0
NIE,Benue,Gwer West,NIE-2025-10-01_nOPV_sNID,nOPV2,Rnd1,6,2025-10-06,2025-10-10,2025-10-11,2025,28,32,60,26,32,58,2,0,0,2,0,0,60,100,2,Pass,high,2,0,0,0,100,0,0,0
NIE,Benue,Katsina-Ala,NIE-2025-10-01_nOPV_sNID,nOPV2,Rnd1,6,2025-10-06,2025-10-10,2025-10-11,2025,30,30,60,24,36,60,0,0,0,0,0,0,60,100,0,Pass,high,0,0,0,0,0,0,0,0
NIE,Benue,Konshisha,NIE-2025-10-01_nOPV_sNID,nOPV2,Rnd1,6,2025-10-06,2025-10-10,2025-10-11,2025,29,31,60,31,24,55,5,2,1,2,0,0,60,100,5,Fail,moderate,5,0,40,20,40,0,0,0
NIE,Benue,Kwande,NIE-2025-10-01_nOPV_sNID,nOPV2,Rnd1,6,2025-10-06,2025-10-10,2025-10-11,2025,32,28,60,37,22,59,1,0,0,1,0,0,60,100,1,Pass,high,1,0,0,0,100,0,0,0
NIE,Benue,Logo,NIE-2025-10-01_nOPV_sNID,nOPV2,Rnd1,6,2025-10-06,2025-10-10,2025-10-11,2025,25,35,60,26,34,60,0,0,0,0,0,0,50,83.33,0,Pass,high,0,0,0,0,0,0,0,0
NIE,Benue,Makurdi,NIE-2025-10-01_nOPV_sNID,nOPV2,Rnd1,6,2025-10-06,2025-10-10,2025-10-11,2025,27,33,60,23,36,59,1,0,0,0,0,0,43,71.67,1,Pass,high,0,1,0,0,0,0,0,100
NIE,Benue,Obi,NIE-2025-10-01_nOPV_sNID,nOPV2,Rnd1,6,2025-10-06,2025-10-10,2025-10-11,2025,29,31,60,23,33,56,4,0,1,2,0,0,49,81.67,4,Fail,moderate,3,1,0,25,50,0,0,25
NIE,Benue,Ogbadibo,NIE-2025-10-01_nOPV_sNID,nOPV2,Rnd1,6,2025-10-06,2025-10-10,2025-10-11,2025,34,26,60,30,28,58,2,0,1,0,0,0,58,96.67,2,Pass,high,1,1,0,50,0,0,0,50
NIE,Benue,Ohimini,NIE-2025-10-01_nOPV_sNID,nOPV2,Rnd1,6,2025-10-06,2025-10-10,2025-10-11,2025,30,30,60,32,27,59,1,0,0,0,0,0,60,100,1,Pass,high,0,1,0,0,0,0,0,100
NIE,Benue,Oju,NIE-2025-10-01_nOPV_sNID,nOPV2,Rnd1,6,2025-10-06,2025-10-10,2025-10-11,2025,25,35,60,23,35,58,2,0,0,1,0,0,59,98.33,2,Pass,high,1,1,0,0,50,0,0,50
NIE,Benue,Okpokwu,NIE-2025-10-01_nOPV_sNID,nOPV2,Rnd1,6,2025-10-06,2025-10-10,2025-10-11,2025,29,31,60,24,36,60,0,0,0,0,0,0,60,100,0,Pass,high,0,0,0,0,0,0,0,0
NIE,Benue,Oturkpo,NIE-2025-10-01_nOPV_sNID,nOPV2,Rnd1,6,2025-10-06,2025-10-10,2025-10-11,2025,33,27,60,33,26,59,1,0,0,0,0,0,55,91.67,1,Pass,high,0,1,0,0,0,0,0,100
NIE,Benue,Tarka,NIE-2025-10-01_nOPV_sNID,nOPV2,Rnd1,6,2025-10-06,2025-10-10,2025-10-11,2025,31,29,60,32,28,60,0,0,0,0,0,0,60,100,0,Pass,high,0,0,0,0,0,0,0,0
NIE,Benue,Ukum,NIE-2025-10-01_nOPV_sNID,nOPV2,Rnd1,6,2025-10-06,2025-10-10,2025-10-11,2025,34,26,60,35,24,59,1,0,0,1,0,0,60,100,1,Pass,high,1,0,0,0,100,0,0,0
NIE,Benue,Ushongo,NIE-2025-10-01_nOPV_sNID,nOPV2,Rnd1,6,2025-10-06,2025-10-10,2025-10-11,2025,32,28,60,26,34,60,0,0,0,0,0,0,60,100,0,Pass,high,0,0,0,0,0,0,0,0
NIE,Benue,Vandeikya,NIE-2025-10-01_nOPV_sNID,nOPV2,Rnd1,6,2025-10-06,2025-10-10,2025-10-11,2025,26,34,60,26,32,58,2,0,2,0,0,0,59,98.33,2,Pass,high,2,0,0,100,0,0,0,0
NIE,Borno,Askira/Uba,NIE-2025-10-01_nOPV_sNID,nOPV2 & bOPV,Rnd1,6,2025-10-06,2025-10-10,2025-10-11,2025,37,23,60,32,28,60,0,0,0,0,0,0,60,100,0,Pass,high,0,0,0,0,0,0,0,0
NIE,Borno,Bama,NIE-2025-10-01_nOPV_sNID,nOPV2 & bOPV,Rnd1,6,2025-10-06,2025-10-10,2025-10-11,2025,30,30,60,36,24,60,0,0,0,0,0,0,60,100,0,Pass,high,0,0,0,0,0,0,0,0
NIE,Borno,Bayo,NIE-2025-10-01_nOPV_sNID,nOPV2 & bOPV,Rnd1,9,2025-10-06,2025-10-10,2025-10-11,2025,48,42,90,53,35,88,2,0,1,1,0,0,90,100,2,Pass,high,2,0,0,50,50,0,0,0
NIE,Borno,Biu,NIE-2025-10-01_nOPV_sNID,nOPV2 & bOPV,Rnd1,6,2025-10-06,2025-10-10,2025-10-11,2025,35,25,60,35,24,59,1,0,0,1,0,0,59,98.33,1,Pass,high,1,0,0,0,100,0,0,0
NIE,Borno,Chibok,NIE-2025-10-01_nOPV_sNID,nOPV2 & bOPV,Rnd1,6,2025-10-06,2025-10-10,2025-10-11,2025,29,31,60,24,36,60,0,0,0,0,0,0,59,98.33,0,Pass,high,0,0,0,0,0,0,0,0
NIE,Borno,Damboa,NIE-2025-10-01_nOPV_sNID,nOPV2 & bOPV,Rnd1,6,2025-10-06,2025-10-10,2025-10-11,2025,26,34,60,28,31,59,1,0,0,0,1,0,60,100,1,Pass,high,1,0,0,0,0,0,100,0
NIE,Borno,Gwoza,NIE-2025-10-01_nOPV_sNID,nOPV2 & bOPV,Rnd1,6,2025-10-06,2025-10-10,2025-10-11,2025,26,34,60,28,32,60,0,0,0,0,0,0,60,100,0,Pass,high,0,0,0,0,0,0,0,0
NIE,Borno,Hawul,NIE-2025-10-01_nOPV_sNID,nOPV2 & bOPV,Rnd1,6,2025-10-06,2025-10-10,2025-10-11,2025,30,30,60,32,28,60,0,0,0,0,0,0,60,100,0,Pass,high,0,0,0,0,0,0,0,0
NIE,Borno,Jere,NIE-2025-10-01_nOPV_sNID,nOPV2 & bOPV,Rnd1,6,2025-10-06,2025-10-10,2025-10-11,2025,31,29,60,36,24,60,0,0,0,0,0,0,60,100,0,Pass,high,0,0,0,0,0,0,0,0
NIE,Borno,Kaga,NIE-2025-10-01_nOPV_sNID,nOPV2 & bOPV,Rnd1,7,2025-10-06,2025-10-10,2025-10-11,2025,34,36,70,36,34,70,0,0,0,0,0,0,70,100,0,Pass,high,0,0,0,0,0,0,0,0
NIE,Borno,Kala/Balge,NIE-2025-10-01_nOPV_sNID,nOPV2 & bOPV,Rnd1,6,2025-10-06,2025-10-10,2025-10-11,2025,29,31,60,38,22,60,0,0,0,0,0,0,60,100,0,Pass,high,0,0,0,0,0,0,0,0
NIE,Borno,Konduga,NIE-2025-10-01_nOPV_sNID,nOPV2 & bOPV,Rnd1,6,2025-10-06,2025-10-10,2025-10-11,2025,32,28,60,32,28,60,0,0,0,0,0,0,60,100,0,Pass,high,0,0,0,0,0,0,0,0
NIE,Borno,Kukawa,NIE-2025-10-01_nOPV_sNID,nOPV2 & bOPV,Rnd1,6,2025-10-06,2025-10-10,2025-10-11,2025,27,33,60,34,26,60,0,0,0,0,0,0,60,100,0,Pass,high,0,0,0,0,0,0,0,0
NIE,Borno,Kwaya Kusar,NIE-2025-10-01_nOPV_sNID,nOPV2 & bOPV,Rnd1,6,2025-10-06,2025-10-10,2025-10-11,2025,39,21,60,42,18,60,0,0,0,0,0,0,60,100,0,Pass,high,0,0,0,0,0,0,0,0
NIE,Borno,Mafa,NIE-2025-10-01_nOPV_sNID,nOPV2 & bOPV,Rnd1,6,2025-10-06,2025-10-10,2025-10-11,2025,29,31,60,28,32,60,0,0,0,0,0,0,60,100,0,Pass,high,0,0,0,0,0,0,0,0
NIE,Borno,Magumeri,NIE-2025-10-01_nOPV_sNID,nOPV2 & bOPV,Rnd1,6,2025-10-06,2025-10-10,2025-10-11,2025,18,42,60,20,40,60,0,0,0,0,0,0,60,100,0,Pass,high,0,0,0,0,0,0,0,0
NIE,Borno,Maiduguri,NIE-2025-10-01_nOPV_sNID,nOPV2 & bOPV,Rnd1,6,2025-10-06,2025-10-10,2025-10-11,2025,24,36,60,24,36,60,0,0,0,0,0,0,60,100,0,Pass,high,0,0,0,0,0,0,0,0
NIE,Borno,Mobbar,NIE-2025-10-01_nOPV_sNID,nOPV2 & bOPV,Rnd1,6,2025-10-06,2025-10-10,2025-10-11,2025,39,21,60,35,23,58,2,0,0,0,0,0,59,98.33,2,Pass,high,0,2,0,0,0,0,0,100
NIE,Borno,Monguno,NIE-2025-10-01_nOPV_sNID,nOPV2 & bOPV,Rnd1,6,2025-10-06,2025-10-10,2025-10-11,2025,34,26,60,34,26,60,0,0,0,0,0,0,60,100,0,Pass,high,0,0,0,0,0,0,0,0
NIE,Borno,Ngala,NIE-2025-10-01_nOPV_sNID,nOPV2 & bOPV,Rnd1,11,2025-10-06,2025-10-10,2025-10-11,2025,48,62,110,32,78,110,0,0,0,0,0,0,110,100,0,Pass,high,0,0,0,0,0,0,0,0
NIE,Borno,Nganzai,NIE-2025-10-01_nOPV_sNID,nOPV2 & bOPV,Rnd1,8,2025-10-06,2025-10-10,2025-10-11,2025,42,38,80,36,44,80,0,0,0,0,0,0,80,100,0,Pass,high,0,0,0,0,0,0,0,0
NIE,Borno,Shani,NIE-2025-10-01_nOPV_sNID,nOPV2 & bOPV,Rnd1,6,2025-10-06,2025-10-10,2025-10-11,2025,33,27,60,24,36,60,0,0,0,0,0,0,60,100,0,Pass,high,0,0,0,0,0,0,0,0
NIE,"FCT, Abuja",Abaji,NIE-2025-10-01_nOPV_sNID,nOPV2,Rnd1,6,2025-10-06,2025-10-10,2025-10-11,2025,26,34,60,20,40,60,0,0,0,0,0,0,60,100,0,Pass,high,0,0,0,0,0,0,0,0
NIE,"FCT, Abuja",Bwari,NIE-2025-10-01_nOPV_sNID,nOPV2,Rnd1,6,2025-10-06,2025-10-10,2025-10-11,2025,25,35,60,13,29,42,18,0,16,2,0,0,31,51.67,18,Fail,poor,18,0,0,88.89,11.11,0,0,0
NIE,"FCT, Abuja",Gwagwalada,NIE-2025-10-01_nOPV_sNID,nOPV2,Rnd1,6,2025-10-06,2025-10-10,2025-10-11,2025,30,30,60,27,32,59,1,0,0,0,0,0,60,100,1,Pass,high,0,1,0,0,0,0,0,100
NIE,"FCT, Abuja",Kuje,NIE-2025-10-01_nOPV_sNID,nOPV2,Rnd1,6,2025-10-06,2025-10-10,2025-10-11,2025,28,32,60,27,32,59,1,0,0,1,0,0,46,76.67,1,Pass,high,1,0,0,0,100,0,0,0
NIE,"FCT, Abuja",Kwali,NIE-2025-10-01_nOPV_sNID,nOPV2,Rnd1,6,2025-10-06,2025-10-10,2025-10-11,2025,23,37,60,23,35,58,2,0,1,0,0,0,56,93.33,2,Pass,high,1,1,0,50,0,0,0,50
NIE,"FCT, Abuja",Municipal Area Council,NIE-2025-10-01_nOPV_sNID,nOPV2,Rnd1,6,2025-10-06,2025-10-10,2025-10-11,2025,31,29,60,25,33,58,2,1,0,1,0,0,22,36.67,2,Pass,high,2,0,50,0,50,0,0,0
NIE,Gombe,Akko,NIE-2025-10-01_nOPV_sNID,nOPV2,Rnd1,6,2025-10-06,2025-10-10,2025-10-11,2025,37,23,60,44,16,60,0,0,0,0,0,0,60,100,0,Pass,high,0,0,0,0,0,0,0,0
NIE,Gombe,Balanga,NIE-2025-10-01_nOPV_sNID,nOPV2,Rnd1,6,2025-10-06,2025-10-10,2025-10-11,2025,30,30,60,29,27,56,4,0,0,1,0,0,60,100,4,Fail,moderate,1,3,0,0,25,0,0,75
NIE,Gombe,Billiri,NIE-2025-10-01_nOPV_sNID,nOPV2,Rnd1,6,2025-10-06,2025-10-10,2025-10-11,2025,35,25,60,30,30,60,0,0,0,0,0,0,60,100,0,Pass,high,0,0,0,0,0,0,0,0
NIE,Gombe,Dukku,NIE-2025-10-01_nOPV_sNID,nOPV2,Rnd1,6,2025-10-06,2025-10-10,2025-10-11,2025,31,29,60,38,22,60,0,0,0,0,0,0,60,100,0,Pass,high,0,0,0,0,0,0,0,0
NIE,Gombe,Funakaye,NIE-2025-10-01_nOPV_sNID,nOPV2,Rnd1,6,2025-10-06,2025-10-10,2025-10-11,2025,27,33,60,28,29,57,3,0,1,2,0,0,60,100,3,Pass,high,3,0,0,33.33,66.67,0,0,0
NIE,Gombe,Gombe,NIE-2025-10-01_nOPV_sNID,nOPV2,Rnd1,6,2025-10-06,2025-10-10,2025-10-11,2025,35,25,60,32,27,59,1,0,0,1,0,0,47,78.33,1,Pass,high,1,0,0,0,100,0,0,0
NIE,Gombe,Kaltungo,NIE-2025-10-01_nOPV_sNID,nOPV2,Rnd1,6,2025-10-06,2025-10-10,2025-10-11,2025,24,36,60,22,35,57,3,0,1,2,0,0,26,43.33,3,Pass,high,3,0,0,33.33,66.67,0,0,0
NIE,Gombe,Kwami,NIE-2025-10-01_nOPV_sNID,nOPV2,Rnd1,6,2025-10-06,2025-10-10,2025-10-11,2025,25,35,60,27,31,58,2,0,0,1,0,0,60,100,2,Pass,high,1,1,0,0,50,0,0,50
NIE,Gombe,Nafada,NIE-2025-10-01_nOPV_sNID,nOPV2,Rnd1,6,2025-10-06,2025-10-10,2025-10-11,2025,30,30,60,30,30,60,0,0,0,0,0,0,60,100,0,Pass,high,0,0,0,0,0,0,0,0
NIE,Gombe,Shomgom,NIE-2025-10-01_nOPV_sNID,nOPV2,Rnd1,6,2025-10-06,2025-10-10,2025-10-11,2025,30,30,60,38,21,59,1,0,0,1,0,0,53,88.33,1,Pass,high,1,0,0,0,100,0,0,0
NIE,Gombe,Yamaltu/Deba,NIE-2025-10-01_nOPV_sNID,nOPV2,Rnd1,6,2025-10-06,2025-10-10,2025-10-11,2025,27,33,60,31,27,58,2,0,1,1,0,0,60,100,2,Pass,high,2,0,0,50,50,0,0,0
NIE,Jigawa,Auyo,NIE-2025-10-01_nOPV_sNID,nOPV2 & bOPV,Rnd1,6,2025-10-06,2025-10-10,2025-10-11,2025,31,29,60,32,28,60,0,0,0,0,0,0,58,96.67,0,Pass,high,0,0,0,0,0,0,0,0
NIE,Jigawa,Babura,NIE-2025-10-01_nOPV_sNID,nOPV2 & bOPV,Rnd1,6,2025-10-06,2025-10-10,2025-10-11,2025,22,38,60,19,40,59,1,0,1,0,0,0,59,98.33,1,Pass,high,1,0,0,100,0,0,0,0
NIE,Jigawa,Birnin Kudu,NIE-2025-10-01_nOPV_sNID,nOPV2 & bOPV,Rnd1,6,2025-10-06,2025-10-10,2025-10-11,2025,28,32,60,32,27,59,1,0,0,0,0,0,59,98.33,1,Pass,high,0,1,0,0,0,0,0,100
NIE,Jigawa,Birniwa,NIE-2025-10-01_nOPV_sNID,nOPV2 & bOPV,Rnd1,6,2025-10-06,2025-10-10,2025-10-11,2025,29,31,60,26,34,60,0,0,0,0,0,0,60,100,0,Pass,high,0,0,0,0,0,0,0,0
NIE,Jigawa,Buji,NIE-2025-10-01_nOPV_sNID,nOPV2 & bOPV,Rnd1,6,2025-10-06,2025-10-10,2025-10-11,2025,34,26,60,32,24,56,4,0,0,0,0,0,60,100,4,Fail,moderate,0,4,0,0,0,0,0,100
NIE,Jigawa,Dutse,NIE-2025-10-01_nOPV_sNID,nOPV2 & bOPV,Rnd1,6,2025-10-06,2025-10-10,2025-10-11,2025,31,29,60,32,28,60,0,0,0,0,0,0,59,98.33,0,Pass,high,0,0,0,0,0,0,0,0
NIE,Jigawa,Gagarawa,NIE-2025-10-01_nOPV_sNID,nOPV2 & bOPV,Rnd1,6,2025-10-06,2025-10-10,2025-10-11,2025,33,27,60,36,23,59,1,0,0,1,0,0,60,100,1,Pass,high,1,0,0,0,100,0,0,0
NIE,Jigawa,Garki,NIE-2025-10-01_nOPV_sNID,nOPV2 & bOPV,Rnd1,6,2025-10-06,2025-10-10,2025-10-11,2025,33,27,60,30,30,60,0,0,0,0,0,0,60,100,0,Pass,high,0,0,0,0,0,0,0,0
NIE,Jigawa,Gumel,NIE-2025-10-01_nOPV_sNID,nOPV2 & bOPV,Rnd1,6,2025-10-06,2025-10-10,2025-10-11,2025,36,24,60,33,26,59,1,0,1,0,0,0,58,96.67,1,Pass,high,1,0,0,100,0,0,0,0
NIE,Jigawa,Guri,NIE-2025-10-01_nOPV_sNID,nOPV2 & bOPV,Rnd1,6,2025-10-06,2025-10-10,2025-10-11,2025,30,30,60,34,26,60,0,0,0,0,0,0,58,96.67,0,Pass,high,0,0,0,0,0,0,0,0
NIE,Jigawa,Gwaram,NIE-2025-10-01_nOPV_sNID,nOPV2 & bOPV,Rnd1,6,2025-10-06,2025-10-10,2025-10-11,2025,31,29,60,28,32,60,0,0,0,0,0,0,60,100,0,Pass,high,0,0,0,0,0,0,0,0
NIE,Jigawa,Gwiwa,NIE-2025-10-01_nOPV_sNID,nOPV2 & bOPV,Rnd1,6,2025-10-06,2025-10-10,2025-10-11,2025,38,22,60,38,22,60,0,0,0,0,0,0,60,100,0,Pass,high,0,0,0,0,0,0,0,0
NIE,Jigawa,Hadejia,NIE-2025-10-01_nOPV_sNID,nOPV2 & bOPV,Rnd1,6,2025-10-06,2025-10-10,2025-10-11,2025,35,25,60,40,20,60,0,0,0,0,0,0,60,100,0,Pass,high,0,0,0,0,0,0,0,0
NIE,Jigawa,Jahun,NIE-2025-10-01_nOPV_sNID,nOPV2 & bOPV,Rnd1,6,2025-10-06,2025-10-10,2025-10-11,2025,31,29,60,36,24,60,0,0,0,0,0,0,60,100,0,Pass,high,0,0,0,0,0,0,0,0
NIE,Jigawa,Kafin Hausa,NIE-2025-10-01_nOPV_sNID,nOPV2 & bOPV,Rnd1,6,2025-10-06,2025-10-10,2025-10-11,2025,32,28,60,34,24,58,2,0,0,2,0,0,56,93.33,2,Pass,high,2,0,0,0,100,0,0,0
NIE,Jigawa,Kaugama,NIE-2025-10-01_nOPV_sNID,nOPV2 & bOPV,Rnd1,6,2025-10-06,2025-10-10,2025-10-11,2025,32,28,60,30,28,58,2,0,2,0,0,0,59,98.33,2,Pass,high,2,0,0,100,0,0,0,0
NIE,Jigawa,Kazaure,NIE-2025-10-01_nOPV_sNID,nOPV2 & bOPV,Rnd1,6,2025-10-06,2025-10-10,2025-10-11,2025,37,23,60,33,25,58,2,0,1,1,0,0,59,98.33,2,Pass,high,2,0,0,50,50,0,0,0
NIE,Jigawa,Kiri Kasamma,NIE-2025-10-01_nOPV_sNID,nOPV2 & bOPV,Rnd1,6,2025-10-06,2025-10-10,2025-10-11,2025,25,35,60,29,30,59,1,0,0,1,0,0,59,98.33,1,Pass,high,1,0,0,0,100,0,0,0
NIE,Jigawa,Kiyawa,NIE-2025-10-01_nOPV_sNID,nOPV2 & bOPV,Rnd1,6,2025-10-06,2025-10-10,2025-10-11,2025,31,29,60,29,29,58,2,0,0,2,0,0,59,98.33,2,Pass,high,2,0,0,0,100,0,0,0
NIE,Jigawa,Maigatari,NIE-2025-10-01_nOPV_sNID,nOPV2 & bOPV,Rnd1,6,2025-10-06,2025-10-10,2025-10-11,2025,37,23,60,32,28,60,0,0,0,0,0,0,60,100,0,Pass,high,0,0,0,0,0,0,0,0
NIE,Jigawa,Malam Madori,NIE-2025-10-01_nOPV_sNID,nOPV2 & bOPV,Rnd1,6,2025-10-06,2025-10-10,2025-10-11,2025,37,23,60,42,18,60,0,0,0,0,0,0,51,85,0,Pass,high,0,0,0,0,0,0,0,0
NIE,Jigawa,Miga,NIE-2025-10-01_nOPV_sNID,nOPV2 & bOPV,Rnd1,6,2025-10-06,2025-10-10,2025-10-11,2025,30,30,60,38,21,59,1,0,1,0,0,0,56,93.33,1,Pass,high,1,0,0,100,0,0,0,0
NIE,Jigawa,Ringim,NIE-2025-10-01_nOPV_sNID,nOPV2 & bOPV,Rnd1,6,2025-10-06,2025-10-10,2025-10-11,2025,26,34,60,27,31,58,2,0,0,2,0,0,60,100,2,Pass,high,2,0,0,0,100,0,0,0
NIE,Jigawa,Roni,NIE-2025-10-01_nOPV_sNID,nOPV2 & bOPV,Rnd1,6,2025-10-06,2025-10-10,2025-10-11,2025,33,27,60,33,24,57,3,0,1,0,0,0,59,98.33,3,Pass,high,1,2,0,33.33,0,0,0,66.67
NIE,Jigawa,Sule Tankarkar,NIE-2025-10-01_nOPV_sNID,nOPV2 & bOPV,Rnd1,6,2025-10-06,2025-10-10,2025-10-11,2025,29,31,60,28,26,54,6,0,0,4,0,0,58,96.67,6,Fail,moderate,4,2,0,0,66.67,0,0,33.33
NIE,Jigawa,Taura,NIE-2025-10-01_nOPV_sNID,nOPV2 & bOPV,Rnd1,6,2025-10-06,2025-10-10,2025-10-11,2025,27,33,60,24,36,60,0,0,0,0,0,0,59,98.33,0,Pass,high,0,0,0,0,0,0,0,0
NIE,Jigawa,Yankwashi,NIE-2025-10-01_nOPV_sNID,nOPV2 & bOPV,Rnd1,6,2025-10-06,2025-10-10,2025-10-11,2025,34,26,60,40,20,60,0,0,0,0,0,0,44,73.33,0,Pass,high,0,0,0,0,0,0,0,0
NIE,Kaduna,Birnin Gwari,NIE-2025-10-01_nOPV_sNID,nOPV2,Rnd1,6,2025-10-06,2025-10-10,2025-10-11,2025,31,29,60,31,26,57,3,0,0,2,0,0,60,100,3,Pass,high,2,1,0,0,66.67,0,0,33.33
NIE,Kaduna,Chikun,NIE-2025-10-01_nOPV_sNID,nOPV2,Rnd1,6,2025-10-06,2025-10-10,2025-10-11,2025,38,22,60,34,26,60,0,0,0,0,0,0,51,85,0,Pass,high,0,0,0,0,0,0,0,0
NIE,Kaduna,Giwa,NIE-2025-10-01_nOPV_sNID,nOPV2,Rnd1,6,2025-10-06,2025-10-10,2025-10-11,2025,20,40,60,14,46,60,0,0,0,0,0,0,60,100,0,Pass,high,0,0,0,0,0,0,0,0
NIE,Kaduna,Igabi,NIE-2025-10-01_nOPV_sNID,nOPV2,Rnd1,6,2025-10-06,2025-10-10,2025-10-11,2025,24,36,60,22,38,60,0,0,0,0,0,0,60,100,0,Pass,high,0,0,0,0,0,0,0,0
NIE,Kaduna,Ikara,NIE-2025-10-01_nOPV_sNID,nOPV2,Rnd1,6,2025-10-06,2025-10-10,2025-10-11,2025,33,27,60,33,26,59,1,0,1,0,0,0,57,95,1,Pass,high,1,0,0,100,0,0,0,0
NIE,Kaduna,Jaba,NIE-2025-10-01_nOPV_sNID,nOPV2,Rnd1,6,2025-10-06,2025-10-10,2025-10-11,2025,26,34,60,24,36,60,0,0,0,0,0,0,60,100,0,Pass,high,0,0,0,0,0,0,0,0
NIE,Kaduna,Jema'A,NIE-2025-10-01_nOPV_sNID,nOPV2,Rnd1,6,2025-10-06,2025-10-10,2025-10-11,2025,31,29,60,25,33,58,2,0,0,2,0,0,35,58.33,2,Pass,high,2,0,0,0,100,0,0,0
NIE,Kaduna,Kachia,NIE-2025-10-01_nOPV_sNID,nOPV2,Rnd1,6,2025-10-06,2025-10-10,2025-10-11,2025,35,25,60,36,24,60,0,0,0,0,0,0,60,100,0,Pass,high,0,0,0,0,0,0,0,0
NIE,Kaduna,Kaduna North,NIE-2025-10-01_nOPV_sNID,nOPV2,Rnd1,6,2025-10-06,2025-10-10,2025-10-11,2025,30,30,60,30,29,59,1,0,0,0,0,0,45,75,1,Pass,high,0,1,0,0,0,0,0,100
NIE,Kaduna,Kaduna South,NIE-2025-10-01_nOPV_sNID,nOPV2,Rnd1,6,2025-10-06,2025-10-10,2025-10-11,2025,34,26,60,29,30,59,1,1,0,0,0,0,60,100,1,Pass,high,1,0,100,0,0,0,0,0
NIE,Kaduna,Kagarko,NIE-2025-10-01_nOPV_sNID,nOPV2,Rnd1,6,2025-10-06,2025-10-10,2025-10-11,2025,29,31,60,31,28,59,1,0,0,1,0,0,38,63.33,1,Pass,high,1,0,0,0,100,0,0,0
NIE,Kaduna,Kajuru,NIE-2025-10-01_nOPV_sNID,nOPV2,Rnd1,6,2025-10-06,2025-10-10,2025-10-11,2025,33,27,60,36,24,60,0,0,0,0,0,0,60,100,0,Pass,high,0,0,0,0,0,0,0,0
NIE,Kaduna,Kaura,NIE-2025-10-01_nOPV_sNID,nOPV2,Rnd1,6,2025-10-06,2025-10-10,2025-10-11,2025,26,34,60,28,32,60,0,0,0,0,0,0,60,100,0,Pass,high,0,0,0,0,0,0,0,0
NIE,Kaduna,Kauru,NIE-2025-10-01_nOPV_sNID,nOPV2,Rnd1,6,2025-10-06,2025-10-10,2025-10-11,2025,33,27,60,40,19,59,1,0,0,1,0,0,52,86.67,1,Pass,high,1,0,0,0,100,0,0,0
NIE,Kaduna,Kubau,NIE-2025-10-01_nOPV_sNID,nOPV2,Rnd1,6,2025-10-06,2025-10-10,2025-10-11,2025,33,27,60,34,26,60,0,0,0,0,0,0,60,100,0,Pass,high,0,0,0,0,0,0,0,0
NIE,Kaduna,Kudan,NIE-2025-10-01_nOPV_sNID,nOPV2,Rnd1,6,2025-10-06,2025-10-10,2025-10-11,2025,34,26,60,26,34,60,0,0,0,0,0,0,60,100,0,Pass,high,0,0,0,0,0,0,0,0
NIE,Kaduna,Lere,NIE-2025-10-01_nOPV_sNID,nOPV2,Rnd1,6,2025-10-06,2025-10-10,2025-10-11,2025,33,27,60,32,28,60,0,0,0,0,0,0,56,93.33,0,Pass,high,0,0,0,0,0,0,0,0
NIE,Kaduna,Makarfi,NIE-2025-10-01_nOPV_sNID,nOPV2,Rnd1,6,2025-10-06,2025-10-10,2025-10-11,2025,24,36,60,12,41,53,7,5,1,0,0,0,35,58.33,7,Fail,moderate,6,1,71.43,14.29,0,0,0,14.29
NIE,Kaduna,Sabon Gari,NIE-2025-10-01_nOPV_sNID,nOPV2,Rnd1,6,2025-10-06,2025-10-10,2025-10-11,2025,30,30,60,30,30,60,0,0,0,0,0,0,60,100,0,Pass,high,0,0,0,0,0,0,0,0
NIE,Kaduna,Sanga,NIE-2025-10-01_nOPV_sNID,nOPV2,Rnd1,6,2025-10-06,2025-10-10,2025-10-11,2025,33,27,60,30,30,60,0,0,0,0,0,0,60,100,0,Pass,high,0,0,0,0,0,0,0,0
NIE,Kaduna,Soba,NIE-2025-10-01_nOPV_sNID,nOPV2,Rnd1,6,2025-10-06,2025-10-10,2025-10-11,2025,24,36,60,24,34,58,2,0,0,0,0,0,17,28.33,2,Pass,high,0,2,0,0,0,0,0,100
NIE,Kaduna,Zangon Kataf,NIE-2025-10-01_nOPV_sNID,nOPV2,Rnd1,6,2025-10-06,2025-10-10,2025-10-11,2025,27,33,60,24,36,60,0,0,0,0,0,0,60,100,0,Pass,high,0,0,0,0,0,0,0,0
NIE,Kaduna,Zaria,NIE-2025-10-01_nOPV_sNID,nOPV2,Rnd1,6,2025-10-06,2025-10-10,2025-10-11,2025,30,30,60,26,34,60,0,0,0,0,0,0,60,100,0,Pass,high,0,0,0,0,0,0,0,0
NIE,Kano,Ajingi,NIE-2025-10-01_nOPV_sNID,nOPV2 & bOPV,Rnd1,6,2025-10-06,2025-10-10,2025-10-11,2025,29,31,60,22,38,60,0,0,0,0,0,0,60,100,0,Pass,high,0,0,0,0,0,0,0,0
NIE,Kano,Albasu,NIE-2025-10-01_nOPV_sNID,nOPV2 & bOPV,Rnd1,6,2025-10-06,2025-10-10,2025-10-11,2025,29,31,60,27,25,52,8,4,2,1,0,0,59,98.33,8,Fail,moderate,7,1,50,25,12.5,0,0,12.5
NIE,Kano,Bagwai,NIE-2025-10-01_nOPV_sNID,nOPV2 & bOPV,Rnd1,6,2025-10-06,2025-10-10,2025-10-11,2025,26,34,60,30,30,60,0,0,0,0,0,0,60,100,0,Pass,high,0,0,0,0,0,0,0,0
NIE,Kano,Bebeji,NIE-2025-10-01_nOPV_sNID,nOPV2 & bOPV,Rnd1,6,2025-10-06,2025-10-10,2025-10-11,2025,28,32,60,34,26,60,0,0,0,0,0,0,59,98.33,0,Pass,high,0,0,0,0,0,0,0,0
NIE,Kano,Bichi,NIE-2025-10-01_nOPV_sNID,nOPV2 & bOPV,Rnd1,6,2025-10-06,2025-10-10,2025-10-11,2025,28,32,60,22,27,49,11,0,3,7,0,0,19,31.67,11,Fail,poor,10,1,0,27.27,63.64,0,0,9.09
NIE,Kano,Bunkure,NIE-2025-10-01_nOPV_sNID,nOPV2 & bOPV,Rnd1,6,2025-10-06,2025-10-10,2025-10-11,2025,29,31,60,33,26,59,1,0,0,1,0,0,46,76.67,1,Pass,high,1,0,0,0,100,0,0,0
NIE,Kano,Dala,NIE-2025-10-01_nOPV_sNID,nOPV2 & bOPV,Rnd1,6,2025-10-06,2025-10-10,2025-10-11,2025,28,32,60,24,36,60,0,0,0,0,0,0,60,100,0,Pass,high,0,0,0,0,0,0,0,0
NIE,Kano,Dambatta,NIE-2025-10-01_nOPV_sNID,nOPV2 & bOPV,Rnd1,6,2025-10-06,2025-10-10,2025-10-11,2025,31,29,60,32,28,60,0,0,0,0,0,0,60,100,0,Pass,high,0,0,0,0,0,0,0,0
NIE,Kano,Dawakin Kudu,NIE-2025-10-01_nOPV_sNID,nOPV2 & bOPV,Rnd1,6,2025-10-06,2025-10-10,2025-10-11,2025,26,34,60,24,36,60,0,0,0,0,0,0,54,90,0,Pass,high,0,0,0,0,0,0,0,0
NIE,Kano,Dawakin Tofa,NIE-2025-10-01_nOPV_sNID,nOPV2 & bOPV,Rnd1,6,2025-10-06,2025-10-10,2025-10-11,2025,26,34,60,26,34,60,0,0,0,0,0,0,60,100,0,Pass,high,0,0,0,0,0,0,0,0
NIE,Kano,Doguwa,NIE-2025-10-01_nOPV_sNID,nOPV2 & bOPV,Rnd1,6,2025-10-06,2025-10-10,2025-10-11,2025,30,30,60,28,32,60,0,0,0,0,0,0,60,100,0,Pass,high,0,0,0,0,0,0,0,0
NIE,Kano,Fagge,NIE-2025-10-01_nOPV_sNID,nOPV2 & bOPV,Rnd1,6,2025-10-06,2025-10-10,2025-10-11,2025,26,34,60,28,32,60,0,0,0,0,0,0,60,100,0,Pass,high,0,0,0,0,0,0,0,0
NIE,Kano,Gabasawa,NIE-2025-10-01_nOPV_sNID,nOPV2 & bOPV,Rnd1,6,2025-10-06,2025-10-10,2025-10-11,2025,23,37,60,26,33,59,1,0,0,0,0,0,59,98.33,1,Pass,high,0,1,0,0,0,0,0,100
NIE,Kano,Garko,NIE-2025-10-01_nOPV_sNID,nOPV2 & bOPV,Rnd1,6,2025-10-06,2025-10-10,2025-10-11,2025,28,32,60,31,27,58,2,2,0,0,0,0,60,100,2,Pass,high,2,0,100,0,0,0,0,0
NIE,Kano,Garum Mallam,NIE-2025-10-01_nOPV_sNID,nOPV2 & bOPV,Rnd1,6,2025-10-06,2025-10-10,2025-10-11,2025,30,30,60,32,28,60,0,0,0,0,0,0,60,100,0,Pass,high,0,0,0,0,0,0,0,0
NIE,Kano,Gaya,NIE-2025-10-01_nOPV_sNID,nOPV2 & bOPV,Rnd1,6,2025-10-06,2025-10-10,2025-10-11,2025,28,32,60,26,34,60,0,0,0,0,0,0,60,100,0,Pass,high,0,0,0,0,0,0,0,0
NIE,Kano,Gezawa,NIE-2025-10-01_nOPV_sNID,nOPV2 & bOPV,Rnd1,6,2025-10-06,2025-10-10,2025-10-11,2025,34,26,60,34,26,60,0,0,0,0,0,0,60,100,0,Pass,high,0,0,0,0,0,0,0,0
NIE,Kano,Gwale,NIE-2025-10-01_nOPV_sNID,nOPV2 & bOPV,Rnd1,6,2025-10-06,2025-10-10,2025-10-11,2025,29,31,60,26,34,60,0,0,0,0,0,0,60,100,0,Pass,high,0,0,0,0,0,0,0,0
NIE,Kano,Gwarzo,NIE-2025-10-01_nOPV_sNID,nOPV2 & bOPV,Rnd1,6,2025-10-06,2025-10-10,2025-10-11,2025,28,32,60,26,34,60,0,0,0,0,0,0,37,61.67,0,Pass,high,0,0,0,0,0,0,0,0
NIE,Kano,Kabo,NIE-2025-10-01_nOPV_sNID,nOPV2 & bOPV,Rnd1,6,2025-10-06,2025-10-10,2025-10-11,2025,27,33,60,32,28,60,0,0,0,0,0,0,60,100,0,Pass,high,0,0,0,0,0,0,0,0
NIE,Kano,Kano Municipal,NIE-2025-10-01_nOPV_sNID,nOPV2 & bOPV,Rnd1,6,2025-10-06,2025-10-10,2025-10-11,2025,29,31,60,30,30,60,0,0,0,0,0,0,60,100,0,Pass,high,0,0,0,0,0,0,0,0
NIE,Kano,Karaye,NIE-2025-10-01_nOPV_sNID,nOPV2 & bOPV,Rnd1,6,2025-10-06,2025-10-10,2025-10-11,2025,38,22,60,42,18,60,0,0,0,0,0,0,0,0,0,Pass,high,0,0,0,0,0,0,0,0
NIE,Kano,Kibiya,NIE-2025-10-01_nOPV_sNID,nOPV2 & bOPV,Rnd1,6,2025-10-06,2025-10-10,2025-10-11,2025,31,29,60,30,27,57,3,0,0,3,0,0,60,100,3,Pass,high,3,0,0,0,100,0,0,0
NIE,Kano,Kiru,NIE-2025-10-01_nOPV_sNID,nOPV2 & bOPV,Rnd1,6,2025-10-06,2025-10-10,2025-10-11,2025,31,29,60,35,23,58,2,1,1,0,0,0,58,96.67,2,Pass,high,2,0,50,50,0,0,0,0
NIE,Kano,Kumbotso,NIE-2025-10-01_nOPV_sNID,nOPV2 & bOPV,Rnd1,6,2025-10-06,2025-10-10,2025-10-11,2025,30,30,60,30,30,60,0,0,0,0,0,0,0,0,0,Pass,high,0,0,0,0,0,0,0,0
NIE,Kano,Kunchi,NIE-2025-10-01_nOPV_sNID,nOPV2 & bOPV,Rnd1,6,2025-10-06,2025-10-10,2025-10-11,2025,30,30,60,27,32,59,1,0,0,1,0,0,44,73.33,1,Pass,high,1,0,0,0,100,0,0,0
NIE,Kano,Kura,NIE-2025-10-01_nOPV_sNID,nOPV2 & bOPV,Rnd1,6,2025-10-06,2025-10-10,2025-10-11,2025,30,30,60,36,24,60,0,0,0,0,0,0,60,100,0,Pass,high,0,0,0,0,0,0,0,0
NIE,Kano,Madobi,NIE-2025-10-01_nOPV_sNID,nOPV2 & bOPV,Rnd1,6,2025-10-06,2025-10-10,2025-10-11,2025,28,32,60,30,29,59,1,0,0,1,0,0,20,33.33,1,Pass,high,1,0,0,0,100,0,0,0
NIE,Kano,Makoda,NIE-2025-10-01_nOPV_sNID,nOPV2 & bOPV,Rnd1,6,2025-10-06,2025-10-10,2025-10-11,2025,31,29,60,30,30,60,0,0,0,0,0,0,60,100,0,Pass,high,0,0,0,0,0,0,0,0
NIE,Kano,Minjibir,NIE-2025-10-01_nOPV_sNID,nOPV2 & bOPV,Rnd1,6,2025-10-06,2025-10-10,2025-10-11,2025,29,31,60,30,30,60,0,0,0,0,0,0,59,98.33,0,Pass,high,0,0,0,0,0,0,0,0
NIE,Kano,Nassarawa,NIE-2025-10-01_nOPV_sNID,nOPV2 & bOPV,Rnd1,6,2025-10-06,2025-10-10,2025-10-11,2025,30,30,60,28,30,58,2,0,0,0,0,0,59,98.33,2,Pass,high,0,2,0,0,0,0,0,100
NIE,Kano,Rano,NIE-2025-10-01_nOPV_sNID,nOPV2 & bOPV,Rnd1,6,2025-10-06,2025-10-10,2025-10-11,2025,36,24,60,32,28,60,0,0,0,0,0,0,60,100,0,Pass,high,0,0,0,0,0,0,0,0
NIE,Kano,Rimin Gado,NIE-2025-10-01_nOPV_sNID,nOPV2 & bOPV,Rnd1,6,2025-10-06,2025-10-10,2025-10-11,2025,35,25,60,29,20,49,11,0,3,6,0,0,44,73.33,11,Fail,poor,9,2,0,27.27,54.55,0,0,18.18
NIE,Kano,Rogo,NIE-2025-10-01_nOPV_sNID,nOPV2 & bOPV,Rnd1,6,2025-10-06,2025-10-10,2025-10-11,2025,24,36,60,28,31,59,1,1,0,0,0,0,56,93.33,1,Pass,high,1,0,100,0,0,0,0,0
NIE,Kano,Shanono,NIE-2025-10-01_nOPV_sNID,nOPV2 & bOPV,Rnd1,6,2025-10-06,2025-10-10,2025-10-11,2025,31,29,60,28,32,60,0,0,0,0,0,0,60,100,0,Pass,high,0,0,0,0,0,0,0,0
NIE,Kano,Sumaila,NIE-2025-10-01_nOPV_sNID,nOPV2 & bOPV,Rnd1,6,2025-10-06,2025-10-10,2025-10-11,2025,29,31,60,30,29,59,1,0,0,1,0,0,60,100,1,Pass,high,1,0,0,0,100,0,0,0
NIE,Kano,Takai,NIE-2025-10-01_nOPV_sNID,nOPV2 & bOPV,Rnd1,6,2025-10-06,2025-10-10,2025-10-11,2025,27,33,60,25,32,57,3,0,0,1,0,0,54,90,3,Pass,high,1,2,0,0,33.33,0,0,66.67
NIE,Kano,Tarauni,NIE-2025-10-01_nOPV_sNID,nOPV2 & bOPV,Rnd1,6,2025-10-06,2025-10-10,2025-10-11,2025,31,29,60,40,20,60,0,0,0,0,0,0,60,100,0,Pass,high,0,0,0,0,0,0,0,0
NIE,Kano,Tofa,NIE-2025-10-01_nOPV_sNID,nOPV2 & bOPV,Rnd1,6,2025-10-06,2025-10-10,2025-10-11,2025,32,28,60,32,28,60,0,0,0,0,0,0,28,46.67,0,Pass,high,0,0,0,0,0,0,0,0
NIE,Kano,Tsanyawa,NIE-2025-10-01_nOPV_sNID,nOPV2 & bOPV,Rnd1,6,2025-10-06,2025-10-10,2025-10-11,2025,29,31,60,34,26,60,0,0,0,0,0,0,31,51.67,0,Pass,high,0,0,0,0,0,0,0,0
NIE,Kano,Tudun Wada,NIE-2025-10-01_nOPV_sNID,nOPV2 & bOPV,Rnd1,6,2025-10-06,2025-10-10,2025-10-11,2025,29,31,60,33,24,57,3,0,0,1,0,0,51,85,3,Pass,high,1,2,0,0,33.33,0,0,66.67
NIE,Kano,Ungogo,NIE-2025-10-01_nOPV_sNID,nOPV2 & bOPV,Rnd1,6,2025-10-06,2025-10-10,2025-10-11,2025,27,33,60,30,30,60,0,0,0,0,0,0,60,100,0,Pass,high,0,0,0,0,0,0,0,0
NIE,Kano,Warawa,NIE-2025-10-01_nOPV_sNID,nOPV2 & bOPV,Rnd1,6,2025-10-06,2025-10-10,2025-10-11,2025,32,28,60,30,29,59,1,0,1,0,0,0,40,66.67,1,Pass,high,1,0,0,100,0,0,0,0
NIE,Kano,Wudil,NIE-2025-10-01_nOPV_sNID,nOPV2 & bOPV,Rnd1,6,2025-10-06,2025-10-10,2025-10-11,2025,26,34,60,29,30,59,1,0,0,1,0,0,18,30,1,Pass,high,1,0,0,0,100,0,0,0
NIE,Katsina,Bakori,NIE-2025-10-01_nOPV_sNID,nOPV2,Rnd1,6,2025-10-06,2025-10-10,2025-10-11,2025,34,26,60,34,26,60,0,0,0,0,0,0,60,100,0,Pass,high,0,0,0,0,0,0,0,0
NIE,Katsina,Batagarawa,NIE-2025-10-01_nOPV_sNID,nOPV2,Rnd1,6,2025-10-06,2025-10-10,2025-10-11,2025,30,30,60,27,32,59,1,1,0,0,0,0,45,75,1,Pass,high,1,0,100,0,0,0,0,0
NIE,Katsina,Batsari,NIE-2025-10-01_nOPV_sNID,nOPV2,Rnd1,6,2025-10-06,2025-10-10,2025-10-11,2025,21,39,60,15,44,59,1,0,0,0,0,0,60,100,1,Pass,high,0,1,0,0,0,0,0,100
NIE,Katsina,Baure,NIE-2025-10-01_nOPV_sNID,nOPV2,Rnd1,6,2025-10-06,2025-10-10,2025-10-11,2025,39,21,60,46,14,60,0,0,0,0,0,0,60,100,0,Pass,high,0,0,0,0,0,0,0,0
NIE,Katsina,Bindawa,NIE-2025-10-01_nOPV_sNID,nOPV2,Rnd1,6,2025-10-06,2025-10-10,2025-10-11,2025,37,23,60,30,21,51,9,0,0,9,0,0,60,100,9,Fail,poor,9,0,0,0,100,0,0,0
NIE,Katsina,Charanchi,NIE-2025-10-01_nOPV_sNID,nOPV2,Rnd1,6,2025-10-06,2025-10-10,2025-10-11,2025,29,31,60,28,30,58,2,0,0,2,0,0,60,100,2,Pass,high,2,0,0,0,100,0,0,0
NIE,Katsina,Dan Musa,NIE-2025-10-01_nOPV_sNID,nOPV2,Rnd1,6,2025-10-06,2025-10-10,2025-10-11,2025,27,33,60,21,37,58,2,0,0,2,0,0,59,98.33,2,Pass,high,2,0,0,0,100,0,0,0
NIE,Katsina,Dandume,NIE-2025-10-01_nOPV_sNID,nOPV2,Rnd1,6,2025-10-06,2025-10-10,2025-10-11,2025,30,30,60,32,28,60,0,0,0,0,0,0,60,100,0,Pass,high,0,0,0,0,0,0,0,0
NIE,Katsina,Danja,NIE-2025-10-01_nOPV_sNID,nOPV2,Rnd1,6,2025-10-06,2025-10-10,2025-10-11,2025,35,25,60,36,24,60,0,0,0,0,0,0,60,100,0,Pass,high,0,0,0,0,0,0,0,0
NIE,Katsina,Daura,NIE-2025-10-01_nOPV_sNID,nOPV2,Rnd1,6,2025-10-06,2025-10-10,2025-10-11,2025,29,31,60,30,30,60,0,0,0,0,0,0,60,100,0,Pass,high,0,0,0,0,0,0,0,0
NIE,Katsina,Dutsi,NIE-2025-10-01_nOPV_sNID,nOPV2,Rnd1,6,2025-10-06,2025-10-10,2025-10-11,2025,31,29,60,30,30,60,0,0,0,0,0,0,60,100,0,Pass,high,0,0,0,0,0,0,0,0
NIE,Katsina,Dutsin Ma,NIE-2025-10-01_nOPV_sNID,nOPV2,Rnd1,6,2025-10-06,2025-10-10,2025-10-11,2025,23,37,60,26,34,60,0,0,0,0,0,0,60,100,0,Pass,high,0,0,0,0,0,0,0,0
NIE,Katsina,Faskari,NIE-2025-10-01_nOPV_sNID,nOPV2,Rnd1,6,2025-10-06,2025-10-10,2025-10-11,2025,30,30,60,30,30,60,0,0,0,0,0,0,60,100,0,Pass,high,0,0,0,0,0,0,0,0
NIE,Katsina,Funtua,NIE-2025-10-01_nOPV_sNID,nOPV2,Rnd1,6,2025-10-06,2025-10-10,2025-10-11,2025,28,32,60,28,30,58,2,0,0,0,0,0,60,100,2,Pass,high,0,2,0,0,0,0,0,100
NIE,Katsina,Ingawa,NIE-2025-10-01_nOPV_sNID,nOPV2,Rnd1,6,2025-10-06,2025-10-10,2025-10-11,2025,20,40,60,18,42,60,0,0,0,0,0,0,60,100,0,Pass,high,0,0,0,0,0,0,0,0
NIE,Katsina,Jibia,NIE-2025-10-01_nOPV_sNID,nOPV2,Rnd1,6,2025-10-06,2025-10-10,2025-10-11,2025,28,32,60,21,31,52,8,1,7,0,0,0,52,86.67,8,Fail,moderate,8,0,12.5,87.5,0,0,0,0
NIE,Katsina,Kafur,NIE-2025-10-01_nOPV_sNID,nOPV2,Rnd1,6,2025-10-06,2025-10-10,2025-10-11,2025,26,34,60,32,28,60,0,0,0,0,0,0,60,100,0,Pass,high,0,0,0,0,0,0,0,0
NIE,Katsina,Kaita,NIE-2025-10-01_nOPV_sNID,nOPV2,Rnd1,6,2025-10-06,2025-10-10,2025-10-11,2025,33,27,60,32,28,60,0,0,0,0,0,0,60,100,0,Pass,high,0,0,0,0,0,0,0,0
NIE,Katsina,Kankara,NIE-2025-10-01_nOPV_sNID,nOPV2,Rnd1,6,2025-10-06,2025-10-10,2025-10-11,2025,26,34,60,24,36,60,0,0,0,0,0,0,49,81.67,0,Pass,high,0,0,0,0,0,0,0,0
NIE,Katsina,Kankia,NIE-2025-10-01_nOPV_sNID,nOPV2,Rnd1,6,2025-10-06,2025-10-10,2025-10-11,2025,30,30,60,30,30,60,0,0,0,0,0,0,60,100,0,Pass,high,0,0,0,0,0,0,0,0
NIE,Katsina,Katsina,NIE-2025-10-01_nOPV_sNID,nOPV2,Rnd1,6,2025-10-06,2025-10-10,2025-10-11,2025,23,37,60,24,35,59,1,0,0,1,0,0,58,96.67,1,Pass,high,1,0,0,0,100,0,0,0
NIE,Katsina,Kurfi,NIE-2025-10-01_nOPV_sNID,nOPV2,Rnd1,6,2025-10-06,2025-10-10,2025-10-11,2025,31,29,60,34,25,59,1,0,0,1,0,0,58,96.67,1,Pass,high,1,0,0,0,100,0,0,0
NIE,Katsina,Kusada,NIE-2025-10-01_nOPV_sNID,nOPV2,Rnd1,6,2025-10-06,2025-10-10,2025-10-11,2025,25,35,60,26,34,60,0,0,0,0,0,0,60,100,0,Pass,high,0,0,0,0,0,0,0,0
NIE,Katsina,Mai'Adua,NIE-2025-10-01_nOPV_sNID,nOPV2,Rnd1,6,2025-10-06,2025-10-10,2025-10-11,2025,30,30,60,30,29,59,1,0,0,1,0,0,60,100,1,Pass,high,1,0,0,0,100,0,0,0
NIE,Katsina,Malumfashi,NIE-2025-10-01_nOPV_sNID,nOPV2,Rnd1,6,2025-10-06,2025-10-10,2025-10-11,2025,38,22,60,38,22,60,0,0,0,0,0,0,60,100,0,Pass,high,0,0,0,0,0,0,0,0
NIE,Katsina,Mani,NIE-2025-10-01_nOPV_sNID,nOPV2,Rnd1,6,2025-10-06,2025-10-10,2025-10-11,2025,30,30,60,28,31,59,1,1,0,0,0,0,60,100,1,Pass,high,1,0,100,0,0,0,0,0
NIE,Katsina,Mashi,NIE-2025-10-01_nOPV_sNID,nOPV2,Rnd1,6,2025-10-06,2025-10-10,2025-10-11,2025,27,33,60,25,31,56,4,0,3,0,0,0,36,60,4,Fail,moderate,3,1,0,75,0,0,0,25
NIE,Katsina,Matazu,NIE-2025-10-01_nOPV_sNID,nOPV2,Rnd1,6,2025-10-06,2025-10-10,2025-10-11,2025,30,30,60,24,36,60,0,0,0,0,0,0,60,100,0,Pass,high,0,0,0,0,0,0,0,0
NIE,Katsina,Musawa,NIE-2025-10-01_nOPV_sNID,nOPV2,Rnd1,6,2025-10-06,2025-10-10,2025-10-11,2025,27,33,60,16,44,60,0,0,0,0,0,0,60,100,0,Pass,high,0,0,0,0,0,0,0,0
NIE,Katsina,Rimi,NIE-2025-10-01_nOPV_sNID,nOPV2,Rnd1,6,2025-10-06,2025-10-10,2025-10-11,2025,40,20,60,46,14,60,0,0,0,0,0,0,60,100,0,Pass,high,0,0,0,0,0,0,0,0
NIE,Katsina,Sabuwa,NIE-2025-10-01_nOPV_sNID,nOPV2,Rnd1,6,2025-10-06,2025-10-10,2025-10-11,2025,28,32,60,30,30,60,0,0,0,0,0,0,60,100,0,Pass,high,0,0,0,0,0,0,0,0
NIE,Katsina,Safana,NIE-2025-10-01_nOPV_sNID,nOPV2,Rnd1,6,2025-10-06,2025-10-10,2025-10-11,2025,29,31,60,24,36,60,0,0,0,0,0,0,60,100,0,Pass,high,0,0,0,0,0,0,0,0
NIE,Katsina,Sandamu,NIE-2025-10-01_nOPV_sNID,nOPV2,Rnd1,7,2025-10-06,2025-10-10,2025-10-11,2025,35,35,70,30,40,70,0,0,0,0,0,0,70,100,0,Pass,high,0,0,0,0,0,0,0,0
NIE,Katsina,Zango,NIE-2025-10-01_nOPV_sNID,nOPV2,Rnd1,6,2025-10-06,2025-10-10,2025-10-11,2025,33,27,60,35,24,59,1,0,0,1,0,0,60,100,1,Pass,high,1,0,0,0,100,0,0,0
NIE,Kebbi,Aleiro,NIE-2025-10-01_nOPV_sNID,nOPV2,Rnd1,6,2025-10-06,2025-10-10,2025-10-11,2025,29,31,60,23,35,58,2,1,0,1,0,0,59,98.33,2,Pass,high,2,0,50,0,50,0,0,0
NIE,Kebbi,Arewa Dandi,NIE-2025-10-01_nOPV_sNID,nOPV2,Rnd1,6,2025-10-06,2025-10-10,2025-10-11,2025,30,30,60,27,29,56,4,1,2,0,0,0,55,91.67,4,Fail,moderate,3,1,25,50,0,0,0,25
NIE,Kebbi,Argungu,NIE-2025-10-01_nOPV_sNID,nOPV2,Rnd1,6,2025-10-06,2025-10-10,2025-10-11,2025,35,25,60,38,22,60,0,0,0,0,0,0,59,98.33,0,Pass,high,0,0,0,0,0,0,0,0
NIE,Kebbi,Augie,NIE-2025-10-01_nOPV_sNID,nOPV2,Rnd1,6,2025-10-06,2025-10-10,2025-10-11,2025,33,27,60,30,30,60,0,0,0,0,0,0,60,100,0,Pass,high,0,0,0,0,0,0,0,0
NIE,Kebbi,Bagudo,NIE-2025-10-01_nOPV_sNID,nOPV2,Rnd1,6,2025-10-06,2025-10-10,2025-10-11,2025,37,23,60,32,28,60,0,0,0,0,0,0,60,100,0,Pass,high,0,0,0,0,0,0,0,0
NIE,Kebbi,Birnin Kebbi,NIE-2025-10-01_nOPV_sNID,nOPV2,Rnd1,7,2025-10-06,2025-10-10,2025-10-11,2025,34,36,70,32,32,64,6,3,2,1,0,0,69,98.57,6,Fail,moderate,6,0,50,33.33,16.67,0,0,0
NIE,Kebbi,Bunza,NIE-2025-10-01_nOPV_sNID,nOPV2,Rnd1,6,2025-10-06,2025-10-10,2025-10-11,2025,39,21,60,36,21,57,3,1,1,1,0,0,60,100,3,Pass,high,3,0,33.33,33.33,33.33,0,0,0
NIE,Kebbi,Dandi,NIE-2025-10-01_nOPV_sNID,nOPV2,Rnd1,6,2025-10-06,2025-10-10,2025-10-11,2025,31,29,60,27,26,53,7,1,3,0,0,0,55,91.67,7,Fail,moderate,4,3,14.29,42.86,0,0,0,42.86
NIE,Kebbi,Fakai,NIE-2025-10-01_nOPV_sNID,nOPV2,Rnd1,6,2025-10-06,2025-10-10,2025-10-11,2025,31,29,60,32,28,60,0,0,0,0,0,0,60,100,0,Pass,high,0,0,0,0,0,0,0,0
NIE,Kebbi,Gwandu,NIE-2025-10-01_nOPV_sNID,nOPV2,Rnd1,6,2025-10-06,2025-10-10,2025-10-11,2025,27,33,60,27,30,57,3,1,1,0,0,0,60,100,3,Pass,high,2,1,33.33,33.33,0,0,0,33.33
NIE,Kebbi,Jega,NIE-2025-10-01_nOPV_sNID,nOPV2,Rnd1,6,2025-10-06,2025-10-10,2025-10-11,2025,31,29,60,26,34,60,0,0,0,0,0,0,60,100,0,Pass,high,0,0,0,0,0,0,0,0
NIE,Kebbi,Kalgo,NIE-2025-10-01_nOPV_sNID,nOPV2,Rnd1,6,2025-10-06,2025-10-10,2025-10-11,2025,32,28,60,34,26,60,0,0,0,0,0,0,60,100,0,Pass,high,0,0,0,0,0,0,0,0
NIE,Kebbi,Koko/Besse,NIE-2025-10-01_nOPV_sNID,nOPV2,Rnd1,6,2025-10-06,2025-10-10,2025-10-11,2025,23,37,60,28,32,60,0,0,0,0,0,0,60,100,0,Pass,high,0,0,0,0,0,0,0,0
NIE,Kebbi,Maiyama,NIE-2025-10-01_nOPV_sNID,nOPV2,Rnd1,6,2025-10-06,2025-10-10,2025-10-11,2025,39,21,60,41,16,57,3,0,3,0,0,0,57,95,3,Pass,high,3,0,0,100,0,0,0,0
NIE,Kebbi,Ngaski,NIE-2025-10-01_nOPV_sNID,nOPV2,Rnd1,7,2025-10-06,2025-10-10,2025-10-11,2025,30,40,70,28,38,66,4,0,2,1,0,0,66,94.29,4,Fail,moderate,3,1,0,50,25,0,0,25
NIE,Kebbi,Sakaba,NIE-2025-10-01_nOPV_sNID,nOPV2,Rnd1,6,2025-10-06,2025-10-10,2025-10-11,2025,28,32,60,30,30,60,0,0,0,0,0,0,59,98.33,0,Pass,high,0,0,0,0,0,0,0,0
NIE,Kebbi,Shanga,NIE-2025-10-01_nOPV_sNID,nOPV2,Rnd1,6,2025-10-06,2025-10-10,2025-10-11,2025,26,34,60,21,35,56,4,0,4,0,0,0,57,95,4,Fail,moderate,4,0,0,100,0,0,0,0
NIE,Kebbi,Suru,NIE-2025-10-01_nOPV_sNID,nOPV2,Rnd1,7,2025-10-06,2025-10-10,2025-10-11,2025,32,38,70,34,36,70,0,0,0,0,0,0,70,100,0,Pass,high,0,0,0,0,0,0,0,0
NIE,Kebbi,Wasagu/Danko,NIE-2025-10-01_nOPV_sNID,nOPV2,Rnd1,6,2025-10-06,2025-10-10,2025-10-11,2025,30,30,60,28,32,60,0,0,0,0,0,0,60,100,0,Pass,high,0,0,0,0,0,0,0,0
NIE,Kebbi,Yauri,NIE-2025-10-01_nOPV_sNID,nOPV2,Rnd1,6,2025-10-06,2025-10-10,2025-10-11,2025,29,31,60,27,32,59,1,0,0,0,0,0,60,100,1,Pass,high,0,1,0,0,0,0,0,100
NIE,Kebbi,Zuru,NIE-2025-10-01_nOPV_sNID,nOPV2,Rnd1,6,2025-10-06,2025-10-10,2025-10-11,2025,25,35,60,24,36,60,0,0,0,0,0,0,60,100,0,Pass,high,0,0,0,0,0,0,0,0
NIE,Kogi,Adavi,NIE-2025-10-01_nOPV_sNID,nOPV2,Rnd1,6,2025-10-06,2025-10-10,2025-10-11,2025,26,34,60,22,25,47,13,4,2,4,0,0,55,91.67,13,Fail,poor,10,3,30.77,15.38,30.77,0,0,23.08
NIE,Kogi,Ajaokuta,NIE-2025-10-01_nOPV_sNID,nOPV2,Rnd1,5,2025-10-06,2025-10-10,2025-10-11,2025,26,24,50,28,22,50,0,0,0,0,0,0,49,98,10,Fail,poor,0,10,0,0,0,0,0,100
NIE,Kogi,Ankpa,NIE-2025-10-01_nOPV_sNID,nOPV2,Rnd1,6,2025-10-06,2025-10-10,2025-10-11,2025,35,25,60,40,20,60,0,0,0,0,0,0,60,100,0,Pass,high,0,0,0,0,0,0,0,0
NIE,Kogi,Bassa,NIE-2025-10-01_nOPV_sNID,nOPV2,Rnd1,6,2025-10-06,2025-10-10,2025-10-11,2025,26,34,60,16,42,58,2,0,0,1,0,0,58,96.67,2,Pass,high,1,1,0,0,50,0,0,50
NIE,Kogi,Dekina,NIE-2025-10-01_nOPV_sNID,nOPV2,Rnd1,6,2025-10-06,2025-10-10,2025-10-11,2025,27,33,60,24,36,60,0,0,0,0,0,0,60,100,0,Pass,high,0,0,0,0,0,0,0,0
NIE,Kogi,Idah,NIE-2025-10-01_nOPV_sNID,nOPV2,Rnd1,6,2025-10-06,2025-10-10,2025-10-11,2025,25,35,60,21,38,59,1,0,0,1,0,0,59,98.33,1,Pass,high,1,0,0,0,100,0,0,0
NIE,Kogi,Igalamela-Odolu,NIE-2025-10-01_nOPV_sNID,nOPV2,Rnd1,6,2025-10-06,2025-10-10,2025-10-11,2025,32,28,60,29,29,58,2,0,0,2,0,0,60,100,2,Pass,high,2,0,0,0,100,0,0,0
NIE,Kogi,Ijumu,NIE-2025-10-01_nOPV_sNID,nOPV2,Rnd1,6,2025-10-06,2025-10-10,2025-10-11,2025,32,28,60,27,29,56,4,1,0,2,0,0,59,98.33,4,Fail,moderate,3,1,25,0,50,0,0,25
NIE,Kogi,Kabba/Bunu,NIE-2025-10-01_nOPV_sNID,nOPV2,Rnd1,5,2025-10-06,2025-10-10,2025-10-11,2025,26,24,50,25,22,47,3,0,2,1,0,0,47,94,13,Fail,poor,3,10,0,15.38,7.69,0,0,76.92
NIE,Kogi,Kogi,NIE-2025-10-01_nOPV_sNID,nOPV2,Rnd1,6,2025-10-06,2025-10-10,2025-10-11,2025,27,33,60,21,36,57,3,0,1,1,0,0,39,65,3,Pass,high,2,1,0,33.33,33.33,0,0,33.33
NIE,Kogi,Lokoja,NIE-2025-10-01_nOPV_sNID,nOPV2,Rnd1,6,2025-10-06,2025-10-10,2025-10-11,2025,31,29,60,35,24,59,1,0,1,0,0,0,58,96.67,1,Pass,high,1,0,0,100,0,0,0,0
NIE,Kogi,Mopa-Muro,NIE-2025-10-01_nOPV_sNID,nOPV2,Rnd1,6,2025-10-06,2025-10-10,2025-10-11,2025,32,28,60,32,28,60,0,0,0,0,0,0,60,100,0,Pass,high,0,0,0,0,0,0,0,0
NIE,Kogi,Ofu,NIE-2025-10-01_nOPV_sNID,nOPV2,Rnd1,6,2025-10-06,2025-10-10,2025-10-11,2025,22,38,60,19,39,58,2,0,2,0,0,0,48,80,2,Pass,high,2,0,0,100,0,0,0,0
NIE,Kogi,Ogori/Magongo,NIE-2025-10-01_nOPV_sNID,nOPV2,Rnd1,6,2025-10-06,2025-10-10,2025-10-11,2025,28,32,60,25,34,59,1,0,0,0,0,0,59,98.33,1,Pass,high,0,1,0,0,0,0,0,100
NIE,Kogi,Okehi,NIE-2025-10-01_nOPV_sNID,nOPV2,Rnd1,6,2025-10-06,2025-10-10,2025-10-11,2025,34,26,60,37,14,51,9,0,0,6,0,0,58,96.67,9,Fail,poor,6,3,0,0,66.67,0,0,33.33
NIE,Kogi,Okene,NIE-2025-10-01_nOPV_sNID,nOPV2,Rnd1,6,2025-10-06,2025-10-10,2025-10-11,2025,29,31,60,34,25,59,1,0,0,0,0,0,60,100,1,Pass,high,0,1,0,0,0,0,0,100
NIE,Kogi,Olamaboro,NIE-2025-10-01_nOPV_sNID,nOPV2,Rnd1,5,2025-10-06,2025-10-10,2025-10-11,2025,35,15,50,36,13,49,1,0,1,0,0,0,50,100,11,Fail,poor,1,10,0,9.09,0,0,0,90.91
NIE,Kogi,Omala,NIE-2025-10-01_nOPV_sNID,nOPV2,Rnd1,6,2025-10-06,2025-10-10,2025-10-11,2025,31,29,60,33,26,59,1,0,0,1,0,0,60,100,1,Pass,high,1,0,0,0,100,0,0,0
NIE,Kogi,Yagba East,NIE-2025-10-01_nOPV_sNID,nOPV2,Rnd1,6,2025-10-06,2025-10-10,2025-10-11,2025,30,30,60,22,32,54,6,1,1,4,0,0,52,86.67,6,Fail,moderate,6,0,16.67,16.67,66.67,0,0,0
NIE,Kogi,Yagba West,NIE-2025-10-01_nOPV_sNID,nOPV2,Rnd1,5,2025-10-06,2025-10-10,2025-10-11,2025,24,26,50,26,24,50,0,0,0,0,0,0,50,100,10,Fail,poor,0,10,0,0,0,0,0,100
NIE,Kwara,Asa,NIE-2025-10-01_nOPV_sNID,nOPV2,Rnd1,6,2025-10-06,2025-10-10,2025-10-11,2025,33,27,60,28,25,53,7,0,0,4,0,0,49,81.67,7,Fail,moderate,4,3,0,0,57.14,0,0,42.86
NIE,Kwara,Baruten,NIE-2025-10-01_nOPV_sNID,nOPV2,Rnd1,6,2025-10-06,2025-10-10,2025-10-11,2025,22,38,60,23,36,59,1,0,1,0,0,0,59,98.33,1,Pass,high,1,0,0,100,0,0,0,0
NIE,Kwara,Edu,NIE-2025-10-01_nOPV_sNID,nOPV2,Rnd1,6,2025-10-06,2025-10-10,2025-10-11,2025,33,27,60,30,30,60,0,0,0,0,0,0,60,100,0,Pass,high,0,0,0,0,0,0,0,0
NIE,Kwara,Ekiti,NIE-2025-10-01_nOPV_sNID,nOPV2,Rnd1,6,2025-10-06,2025-10-10,2025-10-11,2025,27,33,60,28,31,59,1,0,0,1,0,0,53,88.33,1,Pass,high,1,0,0,0,100,0,0,0
NIE,Kwara,Ifelodun,NIE-2025-10-01_nOPV_sNID,nOPV2,Rnd1,6,2025-10-06,2025-10-10,2025-10-11,2025,37,23,60,40,20,60,0,0,0,0,0,0,60,100,0,Pass,high,0,0,0,0,0,0,0,0
NIE,Kwara,Ilorin East,NIE-2025-10-01_nOPV_sNID,nOPV2,Rnd1,6,2025-10-06,2025-10-10,2025-10-11,2025,30,30,60,26,33,59,1,0,0,0,0,0,56,93.33,1,Pass,high,0,1,0,0,0,0,0,100
NIE,Kwara,Ilorin South,NIE-2025-10-01_nOPV_sNID,nOPV2,Rnd1,6,2025-10-06,2025-10-10,2025-10-11,2025,29,31,60,30,27,57,3,0,3,0,0,0,58,96.67,3,Pass,high,3,0,0,100,0,0,0,0
NIE,Kwara,Ilorin West,NIE-2025-10-01_nOPV_sNID,nOPV2,Rnd1,6,2025-10-06,2025-10-10,2025-10-11,2025,29,31,60,32,28,60,0,0,0,0,0,0,59,98.33,0,Pass,high,0,0,0,0,0,0,0,0
NIE,Kwara,Irepodun,NIE-2025-10-01_nOPV_sNID,nOPV2,Rnd1,6,2025-10-06,2025-10-10,2025-10-11,2025,30,30,60,26,34,60,0,0,0,0,0,0,60,100,0,Pass,high,0,0,0,0,0,0,0,0
NIE,Kwara,Isin,NIE-2025-10-01_nOPV_sNID,nOPV2,Rnd1,6,2025-10-06,2025-10-10,2025-10-11,2025,28,32,60,26,34,60,0,0,0,0,0,0,60,100,0,Pass,high,0,0,0,0,0,0,0,0
NIE,Kwara,Kaiama,NIE-2025-10-01_nOPV_sNID,nOPV2,Rnd1,6,2025-10-06,2025-10-10,2025-10-11,2025,29,31,60,30,30,60,0,0,0,0,0,0,60,100,0,Pass,high,0,0,0,0,0,0,0,0
NIE,Kwara,Moro,NIE-2025-10-01_nOPV_sNID,nOPV2,Rnd1,6,2025-10-06,2025-10-10,2025-10-11,2025,30,30,60,22,38,60,0,0,0,0,0,0,60,100,0,Pass,high,0,0,0,0,0,0,0,0
NIE,Kwara,Offa,NIE-2025-10-01_nOPV_sNID,nOPV2,Rnd1,6,2025-10-06,2025-10-10,2025-10-11,2025,28,32,60,28,31,59,1,0,0,1,0,0,59,98.33,1,Pass,high,1,0,0,0,100,0,0,0
NIE,Kwara,Oke Ero,NIE-2025-10-01_nOPV_sNID,nOPV2,Rnd1,6,2025-10-06,2025-10-10,2025-10-11,2025,30,30,60,40,20,60,0,0,0,0,0,0,60,100,0,Pass,high,0,0,0,0,0,0,0,0
NIE,Kwara,Oyun,NIE-2025-10-01_nOPV_sNID,nOPV2,Rnd1,6,2025-10-06,2025-10-10,2025-10-11,2025,27,33,60,26,32,58,2,0,0,0,0,0,58,96.67,2,Pass,high,0,2,0,0,0,0,0,100
NIE,Kwara,Pategi,NIE-2025-10-01_nOPV_sNID,nOPV2,Rnd1,6,2025-10-06,2025-10-10,2025-10-11,2025,42,18,60,40,20,60,0,0,0,0,0,0,60,100,0,Pass,high,0,0,0,0,0,0,0,0
NIE,Nasarawa,Akwanga,NIE-2025-10-01_nOPV_sNID,nOPV2,Rnd1,6,2025-10-06,2025-10-10,2025-10-11,2025,33,27,60,26,32,58,2,0,1,1,0,0,58,96.67,2,Pass,high,2,0,0,50,50,0,0,0
NIE,Nasarawa,Awe,NIE-2025-10-01_nOPV_sNID,nOPV2,Rnd1,6,2025-10-06,2025-10-10,2025-10-11,2025,32,28,60,28,29,57,3,2,0,0,0,0,60,100,3,Pass,high,2,1,66.67,0,0,0,0,33.33
NIE,Nasarawa,Doma,NIE-2025-10-01_nOPV_sNID,nOPV2,Rnd1,6,2025-10-06,2025-10-10,2025-10-11,2025,30,30,60,24,34,58,2,0,0,2,0,0,58,96.67,2,Pass,high,2,0,0,0,100,0,0,0
NIE,Nasarawa,Karu,NIE-2025-10-01_nOPV_sNID,nOPV2,Rnd1,6,2025-10-06,2025-10-10,2025-10-11,2025,27,33,60,28,32,60,0,0,0,0,0,0,60,100,0,Pass,high,0,0,0,0,0,0,0,0
NIE,Nasarawa,Keana,NIE-2025-10-01_nOPV_sNID,nOPV2,Rnd1,6,2025-10-06,2025-10-10,2025-10-11,2025,25,35,60,22,38,60,0,0,0,0,0,0,60,100,0,Pass,high,0,0,0,0,0,0,0,0
NIE,Nasarawa,Keffi,NIE-2025-10-01_nOPV_sNID,nOPV2,Rnd1,6,2025-10-06,2025-10-10,2025-10-11,2025,26,34,60,26,34,60,0,0,0,0,0,0,60,100,0,Pass,high,0,0,0,0,0,0,0,0
NIE,Nasarawa,Kokona,NIE-2025-10-01_nOPV_sNID,nOPV2,Rnd1,6,2025-10-06,2025-10-10,2025-10-11,2025,30,30,60,32,28,60,0,0,0,0,0,0,60,100,0,Pass,high,0,0,0,0,0,0,0,0
NIE,Nasarawa,Lafia,NIE-2025-10-01_nOPV_sNID,nOPV2,Rnd1,6,2025-10-06,2025-10-10,2025-10-11,2025,28,32,60,28,32,60,0,0,0,0,0,0,60,100,0,Pass,high,0,0,0,0,0,0,0,0
NIE,Nasarawa,Nasarawa,NIE-2025-10-01_nOPV_sNID,nOPV2,Rnd1,6,2025-10-06,2025-10-10,2025-10-11,2025,35,25,60,33,25,58,2,0,0,2,0,0,44,73.33,2,Pass,high,2,0,0,0,100,0,0,0
NIE,Nasarawa,Nasarawa Egon,NIE-2025-10-01_nOPV_sNID,nOPV2,Rnd1,6,2025-10-06,2025-10-10,2025-10-11,2025,35,25,60,42,18,60,0,0,0,0,0,0,60,100,0,Pass,high,0,0,0,0,0,0,0,0
NIE,Nasarawa,Obi,NIE-2025-10-01_nOPV_sNID,nOPV2,Rnd1,6,2025-10-06,2025-10-10,2025-10-11,2025,34,26,60,31,28,59,1,0,0,1,0,0,55,91.67,1,Pass,high,1,0,0,0,100,0,0,0
NIE,Nasarawa,Toto,NIE-2025-10-01_nOPV_sNID,nOPV2,Rnd1,6,2025-10-06,2025-10-10,2025-10-11,2025,43,17,60,42,16,58,2,1,0,1,0,0,59,98.33,2,Pass,high,2,0,50,0,50,0,0,0
NIE,Nasarawa,Wamba,NIE-2025-10-01_nOPV_sNID,nOPV2,Rnd1,6,2025-10-06,2025-10-10,2025-10-11,2025,35,25,60,38,22,60,0,0,0,0,0,0,60,100,0,Pass,high,0,0,0,0,0,0,0,0
NIE,Niger,Agaie,NIE-2025-10-01_nOPV_sNID,nOPV2,Rnd1,6,2025-10-06,2025-10-10,2025-10-11,2025,25,35,60,28,31,59,1,0,0,1,0,0,60,100,1,Pass,high,1,0,0,0,100,0,0,0
NIE,Niger,Agwara,NIE-2025-10-01_nOPV_sNID,nOPV2,Rnd1,6,2025-10-06,2025-10-10,2025-10-11,2025,33,27,60,32,28,60,0,0,0,0,0,0,58,96.67,0,Pass,high,0,0,0,0,0,0,0,0
NIE,Niger,Bida,NIE-2025-10-01_nOPV_sNID,nOPV2,Rnd1,6,2025-10-06,2025-10-10,2025-10-11,2025,36,24,60,30,30,60,0,0,0,0,0,0,60,100,0,Pass,high,0,0,0,0,0,0,0,0
NIE,Niger,Borgu,NIE-2025-10-01_nOPV_sNID,nOPV2,Rnd1,4,2025-10-06,2025-10-10,2025-10-11,2025,21,19,40,20,20,40,0,0,0,0,0,0,40,100,20,Fail,very poor,0,20,0,0,0,0,0,100
NIE,Niger,Bosso,NIE-2025-10-01_nOPV_sNID,nOPV2,Rnd1,6,2025-10-06,2025-10-10,2025-10-11,2025,29,31,60,16,36,52,8,1,0,5,0,0,18,30,8,Fail,moderate,6,2,12.5,0,62.5,0,0,25
NIE,Niger,Chanchaga,NIE-2025-10-01_nOPV_sNID,nOPV2,Rnd1,7,2025-10-06,2025-10-10,2025-10-11,2025,31,39,70,24,40,64,6,1,0,3,0,0,66,94.29,6,Fail,moderate,4,2,16.67,0,50,0,0,33.33
NIE,Niger,Edati,NIE-2025-10-01_nOPV_sNID,nOPV2,Rnd1,6,2025-10-06,2025-10-10,2025-10-11,2025,30,30,60,26,34,60,0,0,0,0,0,0,60,100,0,Pass,high,0,0,0,0,0,0,0,0
NIE,Niger,Gbako,NIE-2025-10-01_nOPV_sNID,nOPV2,Rnd1,6,2025-10-06,2025-10-10,2025-10-11,2025,29,31,60,30,30,60,0,0,0,0,0,0,60,100,0,Pass,high,0,0,0,0,0,0,0,0
NIE,Niger,Gurara,NIE-2025-10-01_nOPV_sNID,nOPV2,Rnd1,6,2025-10-06,2025-10-10,2025-10-11,2025,32,28,60,29,24,53,7,0,4,2,0,0,54,90,7,Fail,moderate,6,1,0,57.14,28.57,0,0,14.29
NIE,Niger,Katcha,NIE-2025-10-01_nOPV_sNID,nOPV2,Rnd1,6,2025-10-06,2025-10-10,2025-10-11,2025,30,30,60,28,32,60,0,0,0,0,0,0,60,100,0,Pass,high,0,0,0,0,0,0,0,0
NIE,Niger,Kontagora,NIE-2025-10-01_nOPV_sNID,nOPV2,Rnd1,6,2025-10-06,2025-10-10,2025-10-11,2025,30,30,60,31,28,59,1,0,0,1,0,0,60,100,1,Pass,high,1,0,0,0,100,0,0,0
NIE,Niger,Lapai,NIE-2025-10-01_nOPV_sNID,nOPV2,Rnd1,6,2025-10-06,2025-10-10,2025-10-11,2025,35,25,60,38,22,60,0,0,0,0,0,0,60,100,0,Pass,high,0,0,0,0,0,0,0,0
NIE,Niger,Lavun,NIE-2025-10-01_nOPV_sNID,nOPV2,Rnd1,6,2025-10-06,2025-10-10,2025-10-11,2025,31,29,60,32,28,60,0,0,0,0,0,0,60,100,0,Pass,high,0,0,0,0,0,0,0,0
NIE,Niger,Magama,NIE-2025-10-01_nOPV_sNID,nOPV2,Rnd1,6,2025-10-06,2025-10-10,2025-10-11,2025,29,31,60,34,25,59,1,0,1,0,0,0,58,96.67,1,Pass,high,1,0,0,100,0,0,0,0
NIE,Niger,Mariga,NIE-2025-10-01_nOPV_sNID,nOPV2,Rnd1,4,2025-10-06,2025-10-10,2025-10-11,2025,22,18,40,20,18,38,2,0,1,1,0,0,23,57.5,22,Fail,very poor,2,20,0,4.55,4.55,0,0,90.91
NIE,Niger,Mashegu,NIE-2025-10-01_nOPV_sNID,nOPV2,Rnd1,4,2025-10-06,2025-10-10,2025-10-11,2025,17,23,40,20,20,40,0,0,0,0,0,0,40,100,20,Fail,very poor,0,20,0,0,0,0,0,100
NIE,Niger,Mokwa,NIE-2025-10-01_nOPV_sNID,nOPV2,Rnd1,6,2025-10-06,2025-10-10,2025-10-11,2025,28,32,60,30,30,60,0,0,0,0,0,0,60,100,0,Pass,high,0,0,0,0,0,0,0,0
NIE,Niger,Munya,NIE-2025-10-01_nOPV_sNID,nOPV2,Rnd1,6,2025-10-06,2025-10-10,2025-10-11,2025,29,31,60,26,34,60,0,0,0,0,0,0,60,100,0,Pass,high,0,0,0,0,0,0,0,0
NIE,Niger,Paikoro,NIE-2025-10-01_nOPV_sNID,nOPV2,Rnd1,6,2025-10-06,2025-10-10,2025-10-11,2025,27,33,60,24,34,58,2,0,0,0,0,0,55,91.67,2,Pass,high,0,2,0,0,0,0,0,100
NIE,Niger,Rafi,NIE-2025-10-01_nOPV_sNID,nOPV2,Rnd1,6,2025-10-06,2025-10-10,2025-10-11,2025,39,21,60,44,16,60,0,0,0,0,0,0,60,100,0,Pass,high,0,0,0,0,0,0,0,0
NIE,Niger,Rijau,NIE-2025-10-01_nOPV_sNID,nOPV2,Rnd1,6,2025-10-06,2025-10-10,2025-10-11,2025,32,28,60,32,28,60,0,0,0,0,0,0,60,100,0,Pass,high,0,0,0,0,0,0,0,0
NIE,Niger,Shiroro,NIE-2025-10-01_nOPV_sNID,nOPV2,Rnd1,6,2025-10-06,2025-10-10,2025-10-11,2025,28,32,60,24,36,60,0,0,0,0,0,0,60,100,0,Pass,high,0,0,0,0,0,0,0,0
NIE,Niger,Suleja,NIE-2025-10-01_nOPV_sNID,nOPV2,Rnd1,6,2025-10-06,2025-10-10,2025-10-11,2025,29,31,60,30,30,60,0,0,0,0,0,0,60,100,0,Pass,high,0,0,0,0,0,0,0,0
NIE,Niger,Tafa,NIE-2025-10-01_nOPV_sNID,nOPV2,Rnd1,6,2025-10-06,2025-10-10,2025-10-11,2025,28,32,60,30,30,60,0,0,0,0,0,0,60,100,0,Pass,high,0,0,0,0,0,0,0,0
NIE,Niger,Wushishi,NIE-2025-10-01_nOPV_sNID,nOPV2,Rnd1,6,2025-10-06,2025-10-10,2025-10-11,2025,34,26,60,38,22,60,0,0,0,0,0,0,60,100,0,Pass,high,0,0,0,0,0,0,0,0
NIE,Oyo,Afijio,NIE-2025-10-01_nOPV_sNID,nOPV2,Rnd1,6,2025-10-06,2025-10-10,2025-10-11,2025,31,29,60,30,30,60,0,0,0,0,0,0,60,100,0,Pass,high,0,0,0,0,0,0,0,0
NIE,Oyo,Akinyele,NIE-2025-10-01_nOPV_sNID,nOPV2,Rnd1,6,2025-10-06,2025-10-10,2025-10-11,2025,30,30,60,34,26,60,0,0,0,0,0,0,56,93.33,0,Pass,high,0,0,0,0,0,0,0,0
NIE,Oyo,Atiba,NIE-2025-10-01_nOPV_sNID,nOPV2,Rnd1,6,2025-10-06,2025-10-10,2025-10-11,2025,37,23,60,34,19,53,7,1,3,2,0,0,60,100,7,Fail,moderate,6,1,14.29,42.86,28.57,0,0,14.29
NIE,Oyo,Atisbo,NIE-2025-10-01_nOPV_sNID,nOPV2,Rnd1,6,2025-10-06,2025-10-10,2025-10-11,2025,30,30,60,25,29,54,6,0,0,5,0,0,58,96.67,6,Fail,moderate,5,1,0,0,83.33,0,0,16.67
NIE,Oyo,Egbeda,NIE-2025-10-01_nOPV_sNID,nOPV2,Rnd1,6,2025-10-06,2025-10-10,2025-10-11,2025,27,33,60,24,35,59,1,0,0,0,0,0,60,100,1,Pass,high,0,1,0,0,0,0,0,100
NIE,Oyo,Ibadan North,NIE-2025-10-01_nOPV_sNID,nOPV2,Rnd1,6,2025-10-06,2025-10-10,2025-10-11,2025,30,30,60,29,29,58,2,1,0,0,0,0,58,96.67,2,Pass,high,1,1,50,0,0,0,0,50
NIE,Oyo,Ibadan North East,NIE-2025-10-01_nOPV_sNID,nOPV2,Rnd1,6,2025-10-06,2025-10-10,2025-10-11,2025,28,32,60,27,30,57,3,1,1,0,0,0,49,81.67,3,Pass,high,2,1,33.33,33.33,0,0,0,33.33
NIE,Oyo,Ibadan North West,NIE-2025-10-01_nOPV_sNID,nOPV2,Rnd1,6,2025-10-06,2025-10-10,2025-10-11,2025,29,31,60,30,30,60,0,0,0,0,0,0,58,96.67,0,Pass,high,0,0,0,0,0,0,0,0
NIE,Oyo,Ibadan South East,NIE-2025-10-01_nOPV_sNID,nOPV2,Rnd1,6,2025-10-06,2025-10-10,2025-10-11,2025,32,28,60,32,28,60,0,0,0,0,0,0,60,100,0,Pass,high,0,0,0,0,0,0,0,0
NIE,Oyo,Ibadan South West,NIE-2025-10-01_nOPV_sNID,nOPV2,Rnd1,6,2025-10-06,2025-10-10,2025-10-11,2025,33,27,60,27,32,59,1,0,0,0,0,0,42,70,1,Pass,high,0,1,0,0,0,0,0,100
NIE,Oyo,Ibarapa Central,NIE-2025-10-01_nOPV_sNID,nOPV2,Rnd1,6,2025-10-06,2025-10-10,2025-10-11,2025,29,31,60,26,34,60,0,0,0,0,0,0,60,100,0,Pass,high,0,0,0,0,0,0,0,0
NIE,Oyo,Ibarapa East,NIE-2025-10-01_nOPV_sNID,nOPV2,Rnd1,6,2025-10-06,2025-10-10,2025-10-11,2025,32,28,60,28,30,58,2,1,0,1,0,0,54,90,2,Pass,high,2,0,50,0,50,0,0,0
NIE,Oyo,Ibarapa North,NIE-2025-10-01_nOPV_sNID,nOPV2,Rnd1,6,2025-10-06,2025-10-10,2025-10-11,2025,31,29,60,32,28,60,0,0,0,0,0,0,60,100,0,Pass,high,0,0,0,0,0,0,0,0
NIE,Oyo,Ido,NIE-2025-10-01_nOPV_sNID,nOPV2,Rnd1,6,2025-10-06,2025-10-10,2025-10-11,2025,35,25,60,36,24,60,0,0,0,0,0,0,54,90,0,Pass,high,0,0,0,0,0,0,0,0
NIE,Oyo,Irepo,NIE-2025-10-01_nOPV_sNID,nOPV2,Rnd1,6,2025-10-06,2025-10-10,2025-10-11,2025,36,24,60,30,29,59,1,0,0,1,0,0,57,95,1,Pass,high,1,0,0,0,100,0,0,0
NIE,Oyo,Iseyin,NIE-2025-10-01_nOPV_sNID,nOPV2,Rnd1,6,2025-10-06,2025-10-10,2025-10-11,2025,26,34,60,28,25,53,7,0,2,5,0,0,58,96.67,7,Fail,moderate,7,0,0,28.57,71.43,0,0,0
NIE,Oyo,Itesiwaju,NIE-2025-10-01_nOPV_sNID,nOPV2,Rnd1,6,2025-10-06,2025-10-10,2025-10-11,2025,25,35,60,28,32,60,0,0,0,0,0,0,44,73.33,0,Pass,high,0,0,0,0,0,0,0,0
NIE,Oyo,Iwajowa,NIE-2025-10-01_nOPV_sNID,nOPV2,Rnd1,6,2025-10-06,2025-10-10,2025-10-11,2025,30,30,60,36,24,60,0,0,0,0,0,0,57,95,0,Pass,high,0,0,0,0,0,0,0,0
NIE,Oyo,Kajola,NIE-2025-10-01_nOPV_sNID,nOPV2,Rnd1,6,2025-10-06,2025-10-10,2025-10-11,2025,30,30,60,29,30,59,1,0,0,1,0,0,60,100,1,Pass,high,1,0,0,0,100,0,0,0
NIE,Oyo,Lagelu,NIE-2025-10-01_nOPV_sNID,nOPV2,Rnd1,6,2025-10-06,2025-10-10,2025-10-11,2025,30,30,60,31,27,58,2,0,1,1,0,0,58,96.67,2,Pass,high,2,0,0,50,50,0,0,0
NIE,Oyo,Ogbomosho North,NIE-2025-10-01_nOPV_sNID,nOPV2,Rnd1,6,2025-10-06,2025-10-10,2025-10-11,2025,28,32,60,28,32,60,0,0,0,0,0,0,60,100,0,Pass,high,0,0,0,0,0,0,0,0
NIE,Oyo,Ogbomosho South,NIE-2025-10-01_nOPV_sNID,nOPV2,Rnd1,6,2025-10-06,2025-10-10,2025-10-11,2025,29,31,60,24,36,60,0,0,0,0,0,0,55,91.67,0,Pass,high,0,0,0,0,0,0,0,0
NIE,Oyo,Ogo Oluwa,NIE-2025-10-01_nOPV_sNID,nOPV2,Rnd1,6,2025-10-06,2025-10-10,2025-10-11,2025,37,23,60,30,28,58,2,0,1,1,0,0,49,81.67,2,Pass,high,2,0,0,50,50,0,0,0
NIE,Oyo,Olorunsogo,NIE-2025-10-01_nOPV_sNID,nOPV2,Rnd1,6,2025-10-06,2025-10-10,2025-10-11,2025,34,26,60,32,28,60,0,0,0,0,0,0,60,100,0,Pass,high,0,0,0,0,0,0,0,0
NIE,Oyo,Oluyole,NIE-2025-10-01_nOPV_sNID,nOPV2,Rnd1,6,2025-10-06,2025-10-10,2025-10-11,2025,36,24,60,40,20,60,0,0,0,0,0,0,60,100,0,Pass,high,0,0,0,0,0,0,0,0
NIE,Oyo,Ona ara,NIE-2025-10-01_nOPV_sNID,nOPV2,Rnd1,6,2025-10-06,2025-10-10,2025-10-11,2025,29,31,60,34,26,60,0,0,0,0,0,0,60,100,0,Pass,high,0,0,0,0,0,0,0,0
NIE,Oyo,Orelope,NIE-2025-10-01_nOPV_sNID,nOPV2,Rnd1,6,2025-10-06,2025-10-10,2025-10-11,2025,31,29,60,34,26,60,0,0,0,0,0,0,60,100,0,Pass,high,0,0,0,0,0,0,0,0
NIE,Oyo,Ori Ire,NIE-2025-10-01_nOPV_sNID,nOPV2,Rnd1,6,2025-10-06,2025-10-10,2025-10-11,2025,30,30,60,30,30,60,0,0,0,0,0,0,60,100,0,Pass,high,0,0,0,0,0,0,0,0
NIE,Oyo,Oyo East,NIE-2025-10-01_nOPV_sNID,nOPV2,Rnd1,6,2025-10-06,2025-10-10,2025-10-11,2025,27,33,60,25,34,59,1,0,0,1,0,0,53,88.33,1,Pass,high,1,0,0,0,100,0,0,0
NIE,Oyo,Oyo West,NIE-2025-10-01_nOPV_sNID,nOPV2,Rnd1,6,2025-10-06,2025-10-10,2025-10-11,2025,30,30,60,26,34,60,0,0,0,0,0,0,60,100,0,Pass,high,0,0,0,0,0,0,0,0
NIE,Oyo,Saki East,NIE-2025-10-01_nOPV_sNID,nOPV2,Rnd1,6,2025-10-06,2025-10-10,2025-10-11,2025,30,30,60,32,28,60,0,0,0,0,0,0,60,100,0,Pass,high,0,0,0,0,0,0,0,0
NIE,Oyo,Saki West,NIE-2025-10-01_nOPV_sNID,nOPV2,Rnd1,6,2025-10-06,2025-10-10,2025-10-11,2025,29,31,60,22,32,54,6,0,0,2,0,0,58,96.67,6,Fail,moderate,2,4,0,0,33.33,0,0,66.67
NIE,Oyo,Surulere,NIE-2025-10-01_nOPV_sNID,nOPV2,Rnd1,6,2025-10-06,2025-10-10,2025-10-11,2025,37,23,60,29,13,42,18,0,18,0,0,0,44,73.33,18,Fail,poor,18,0,0,100,0,0,0,0
NIE,Plateau,Barkin Ladi,NIE-2025-10-01_nOPV_sNID,nOPV2,Rnd1,6,2025-10-06,2025-10-10,2025-10-11,2025,31,29,60,27,30,57,3,0,1,1,0,0,59,98.33,3,Pass,high,2,1,0,33.33,33.33,0,0,33.33
NIE,Plateau,Bassa,NIE-2025-10-01_nOPV_sNID,nOPV2,Rnd1,6,2025-10-06,2025-10-10,2025-10-11,2025,26,34,60,26,34,60,0,0,0,0,0,0,48,80,0,Pass,high,0,0,0,0,0,0,0,0
NIE,Plateau,Bokkos,NIE-2025-10-01_nOPV_sNID,nOPV2,Rnd1,6,2025-10-06,2025-10-10,2025-10-11,2025,30,30,60,30,30,60,0,0,0,0,0,0,58,96.67,0,Pass,high,0,0,0,0,0,0,0,0
NIE,Plateau,Jos East,NIE-2025-10-01_nOPV_sNID,nOPV2,Rnd1,6,2025-10-06,2025-10-10,2025-10-11,2025,34,26,60,36,24,60,0,0,0,0,0,0,60,100,0,Pass,high,0,0,0,0,0,0,0,0
NIE,Plateau,Jos North,NIE-2025-10-01_nOPV_sNID,nOPV2,Rnd1,6,2025-10-06,2025-10-10,2025-10-11,2025,31,29,60,30,30,60,0,0,0,0,0,0,60,100,0,Pass,high,0,0,0,0,0,0,0,0
NIE,Plateau,Jos South,NIE-2025-10-01_nOPV_sNID,nOPV2,Rnd1,6,2025-10-06,2025-10-10,2025-10-11,2025,29,31,60,32,28,60,0,0,0,0,0,0,60,100,0,Pass,high,0,0,0,0,0,0,0,0
NIE,Plateau,Kanam,NIE-2025-10-01_nOPV_sNID,nOPV2,Rnd1,6,2025-10-06,2025-10-10,2025-10-11,2025,29,31,60,30,30,60,0,0,0,0,0,0,60,100,0,Pass,high,0,0,0,0,0,0,0,0
NIE,Plateau,Kanke,NIE-2025-10-01_nOPV_sNID,nOPV2,Rnd1,6,2025-10-06,2025-10-10,2025-10-11,2025,30,30,60,30,30,60,0,0,0,0,0,0,60,100,0,Pass,high,0,0,0,0,0,0,0,0
NIE,Plateau,Langtang North,NIE-2025-10-01_nOPV_sNID,nOPV2,Rnd1,6,2025-10-06,2025-10-10,2025-10-11,2025,30,30,60,34,26,60,0,0,0,0,0,0,60,100,0,Pass,high,0,0,0,0,0,0,0,0
NIE,Plateau,Langtang South,NIE-2025-10-01_nOPV_sNID,nOPV2,Rnd1,6,2025-10-06,2025-10-10,2025-10-11,2025,30,30,60,30,30,60,0,0,0,0,0,0,60,100,0,Pass,high,0,0,0,0,0,0,0,0
NIE,Plateau,Mangu,NIE-2025-10-01_nOPV_sNID,nOPV2,Rnd1,6,2025-10-06,2025-10-10,2025-10-11,2025,28,32,60,30,30,60,0,0,0,0,0,0,60,100,0,Pass,high,0,0,0,0,0,0,0,0
NIE,Plateau,Mikang,NIE-2025-10-01_nOPV_sNID,nOPV2,Rnd1,6,2025-10-06,2025-10-10,2025-10-11,2025,31,29,60,24,36,60,0,0,0,0,0,0,60,100,0,Pass,high,0,0,0,0,0,0,0,0
NIE,Plateau,Pankshin,NIE-2025-10-01_nOPV_sNID,nOPV2,Rnd1,6,2025-10-06,2025-10-10,2025-10-11,2025,19,41,60,20,40,60,0,0,0,0,0,0,60,100,0,Pass,high,0,0,0,0,0,0,0,0
NIE,Plateau,Qua'an Pan,NIE-2025-10-01_nOPV_sNID,nOPV2,Rnd1,6,2025-10-06,2025-10-10,2025-10-11,2025,30,30,60,36,24,60,0,0,0,0,0,0,60,100,0,Pass,high,0,0,0,0,0,0,0,0
NIE,Plateau,Riyom,NIE-2025-10-01_nOPV_sNID,nOPV2,Rnd1,6,2025-10-06,2025-10-10,2025-10-11,2025,29,31,60,28,32,60,0,0,0,0,0,0,60,100,0,Pass,high,0,0,0,0,0,0,0,0
NIE,Plateau,Shendam,NIE-2025-10-01_nOPV_sNID,nOPV2,Rnd1,6,2025-10-06,2025-10-10,2025-10-11,2025,27,33,60,32,28,60,0,0,0,0,0,0,60,100,0,Pass,high,0,0,0,0,0,0,0,0
NIE,Plateau,Wase,NIE-2025-10-01_nOPV_sNID,nOPV2,Rnd1,6,2025-10-06,2025-10-10,2025-10-11,2025,33,27,60,38,22,60,0,0,0,0,0,0,59,98.33,0,Pass,high,0,0,0,0,0,0,0,0
NIE,Sokoto,Binji,NIE-2025-10-01_nOPV_sNID,nOPV2,Rnd1,6,2025-10-06,2025-10-10,2025-10-11,2025,29,31,60,26,33,59,1,0,0,0,0,0,60,100,1,Pass,high,0,1,0,0,0,0,0,100
NIE,Sokoto,Bodinga,NIE-2025-10-01_nOPV_sNID,nOPV2,Rnd1,6,2025-10-06,2025-10-10,2025-10-11,2025,31,29,60,18,31,49,11,2,8,1,0,0,53,88.33,11,Fail,poor,11,0,18.18,72.73,9.09,0,0,0
NIE,Sokoto,Dange-Shuni,NIE-2025-10-01_nOPV_sNID,nOPV2,Rnd1,6,2025-10-06,2025-10-10,2025-10-11,2025,26,34,60,22,35,57,3,1,2,0,0,0,59,98.33,3,Pass,high,3,0,33.33,66.67,0,0,0,0
NIE,Sokoto,Gada,NIE-2025-10-01_nOPV_sNID,nOPV2,Rnd1,6,2025-10-06,2025-10-10,2025-10-11,2025,33,27,60,30,30,60,0,0,0,0,0,0,60,100,0,Pass,high,0,0,0,0,0,0,0,0
NIE,Sokoto,Goronyo,NIE-2025-10-01_nOPV_sNID,nOPV2,Rnd1,6,2025-10-06,2025-10-10,2025-10-11,2025,30,30,60,34,26,60,0,0,0,0,0,0,60,100,0,Pass,high,0,0,0,0,0,0,0,0
NIE,Sokoto,Gudu,NIE-2025-10-01_nOPV_sNID,nOPV2,Rnd1,6,2025-10-06,2025-10-10,2025-10-11,2025,29,31,60,24,36,60,0,0,0,0,0,0,60,100,0,Pass,high,0,0,0,0,0,0,0,0
NIE,Sokoto,Gwadabawa,NIE-2025-10-01_nOPV_sNID,nOPV2,Rnd1,6,2025-10-06,2025-10-10,2025-10-11,2025,29,31,60,25,30,55,5,3,2,0,0,0,55,91.67,5,Fail,moderate,5,0,60,40,0,0,0,0
NIE,Sokoto,Illela,NIE-2025-10-01_nOPV_sNID,nOPV2,Rnd1,6,2025-10-06,2025-10-10,2025-10-11,2025,29,31,60,28,32,60,0,0,0,0,0,0,60,100,0,Pass,high,0,0,0,0,0,0,0,0
NIE,Sokoto,Isa,NIE-2025-10-01_nOPV_sNID,nOPV2,Rnd1,6,2025-10-06,2025-10-10,2025-10-11,2025,35,25,60,36,24,60,0,0,0,0,0,0,60,100,0,Pass,high,0,0,0,0,0,0,0,0
NIE,Sokoto,Kebbe,NIE-2025-10-01_nOPV_sNID,nOPV2,Rnd1,6,2025-10-06,2025-10-10,2025-10-11,2025,30,30,60,30,30,60,0,0,0,0,0,0,60,100,0,Pass,high,0,0,0,0,0,0,0,0
NIE,Sokoto,Kware,NIE-2025-10-01_nOPV_sNID,nOPV2,Rnd1,6,2025-10-06,2025-10-10,2025-10-11,2025,30,30,60,32,28,60,0,0,0,0,0,0,60,100,0,Pass,high,0,0,0,0,0,0,0,0
NIE,Sokoto,Rabah,NIE-2025-10-01_nOPV_sNID,nOPV2,Rnd1,6,2025-10-06,2025-10-10,2025-10-11,2025,21,39,60,20,40,60,0,0,0,0,0,0,60,100,0,Pass,high,0,0,0,0,0,0,0,0
NIE,Sokoto,Sabon Birni,NIE-2025-10-01_nOPV_sNID,nOPV2,Rnd1,6,2025-10-06,2025-10-10,2025-10-11,2025,30,30,60,26,34,60,0,0,0,0,0,0,60,100,0,Pass,high,0,0,0,0,0,0,0,0
NIE,Sokoto,Shagari,NIE-2025-10-01_nOPV_sNID,nOPV2,Rnd1,6,2025-10-06,2025-10-10,2025-10-11,2025,30,30,60,27,21,48,12,9,1,1,0,0,57,95,12,Fail,poor,11,1,75,8.33,8.33,0,0,8.33
NIE,Sokoto,Silame,NIE-2025-10-01_nOPV_sNID,nOPV2,Rnd1,6,2025-10-06,2025-10-10,2025-10-11,2025,34,26,60,32,28,60,0,0,0,0,0,0,60,100,0,Pass,high,0,0,0,0,0,0,0,0
NIE,Sokoto,Sokoto North,NIE-2025-10-01_nOPV_sNID,nOPV2,Rnd1,6,2025-10-06,2025-10-10,2025-10-11,2025,29,31,60,28,32,60,0,0,0,0,0,0,43,71.67,0,Pass,high,0,0,0,0,0,0,0,0
NIE,Sokoto,Sokoto South,NIE-2025-10-01_nOPV_sNID,nOPV2,Rnd1,6,2025-10-06,2025-10-10,2025-10-11,2025,28,32,60,22,33,55,5,4,1,0,0,0,54,90,5,Fail,moderate,5,0,80,20,0,0,0,0
NIE,Sokoto,Tambuwal,NIE-2025-10-01_nOPV_sNID,nOPV2,Rnd1,6,2025-10-06,2025-10-10,2025-10-11,2025,32,28,60,28,30,58,2,0,0,2,0,0,60,100,2,Pass,high,2,0,0,0,100,0,0,0
NIE,Sokoto,Tangaza,NIE-2025-10-01_nOPV_sNID,nOPV2,Rnd1,6,2025-10-06,2025-10-10,2025-10-11,2025,27,33,60,36,24,60,0,0,0,0,0,0,60,100,0,Pass,high,0,0,0,0,0,0,0,0
NIE,Sokoto,Tureta,NIE-2025-10-01_nOPV_sNID,nOPV2,Rnd1,6,2025-10-06,2025-10-10,2025-10-11,2025,26,34,60,32,28,60,0,0,0,0,0,0,59,98.33,0,Pass,high,0,0,0,0,0,0,0,0
NIE,Sokoto,Wamakko,NIE-2025-10-01_nOPV_sNID,nOPV2,Rnd1,6,2025-10-06,2025-10-10,2025-10-11,2025,32,28,60,31,23,54,6,4,0,2,0,0,59,98.33,6,Fail,moderate,6,0,66.67,0,33.33,0,0,0
NIE,Sokoto,Wurno,NIE-2025-10-01_nOPV_sNID,nOPV2,Rnd1,6,2025-10-06,2025-10-10,2025-10-11,2025,31,29,60,31,28,59,1,0,0,1,0,0,59,98.33,1,Pass,high,1,0,0,0,100,0,0,0
NIE,Sokoto,Yabo,NIE-2025-10-01_nOPV_sNID,nOPV2,Rnd1,6,2025-10-06,2025-10-10,2025-10-11,2025,31,29,60,33,26,59,1,0,1,0,0,0,43,71.67,1,Pass,high,1,0,0,100,0,0,0,0
NIE,Taraba,Ardo-Kola,NIE-2025-10-01_nOPV_sNID,nOPV2,Rnd1,6,2025-10-06,2025-10-10,2025-10-11,2025,34,26,60,30,19,49,11,2,4,3,0,0,17,28.33,11,Fail,poor,9,2,18.18,36.36,27.27,0,0,18.18
NIE,Taraba,Bali,NIE-2025-10-01_nOPV_sNID,nOPV2,Rnd1,6,2025-10-06,2025-10-10,2025-10-11,2025,30,30,60,26,27,53,7,0,6,1,0,0,34,56.67,7,Fail,moderate,7,0,0,85.71,14.29,0,0,0
NIE,Taraba,Donga,NIE-2025-10-01_nOPV_sNID,nOPV2,Rnd1,6,2025-10-06,2025-10-10,2025-10-11,2025,33,27,60,25,33,58,2,0,0,2,0,0,55,91.67,2,Pass,high,2,0,0,0,100,0,0,0
NIE,Taraba,Gashaka,NIE-2025-10-01_nOPV_sNID,nOPV2,Rnd1,6,2025-10-06,2025-10-10,2025-10-11,2025,29,31,60,22,37,59,1,0,1,0,0,0,60,100,1,Pass,high,1,0,0,100,0,0,0,0
NIE,Taraba,Gassol,NIE-2025-10-01_nOPV_sNID,nOPV2,Rnd1,6,2025-10-06,2025-10-10,2025-10-11,2025,26,34,60,26,32,58,2,1,0,1,0,0,59,98.33,2,Pass,high,2,0,50,0,50,0,0,0
NIE,Taraba,Ibi,NIE-2025-10-01_nOPV_sNID,nOPV2,Rnd1,6,2025-10-06,2025-10-10,2025-10-11,2025,35,25,60,29,30,59,1,1,0,0,0,0,60,100,1,Pass,high,1,0,100,0,0,0,0,0
NIE,Taraba,Jalingo,NIE-2025-10-01_nOPV_sNID,nOPV2,Rnd1,6,2025-10-06,2025-10-10,2025-10-11,2025,27,33,60,28,32,60,0,0,0,0,0,0,60,100,0,Pass,high,0,0,0,0,0,0,0,0
NIE,Taraba,Karim Lamido,NIE-2025-10-01_nOPV_sNID,nOPV2,Rnd1,6,2025-10-06,2025-10-10,2025-10-11,2025,23,37,60,20,35,55,5,0,1,1,0,0,59,98.33,5,Fail,moderate,2,3,0,20,20,0,0,60
NIE,Taraba,Kurmi,NIE-2025-10-01_nOPV_sNID,nOPV2,Rnd1,6,2025-10-06,2025-10-10,2025-10-11,2025,28,32,60,26,32,58,2,0,0,2,0,0,60,100,2,Pass,high,2,0,0,0,100,0,0,0
NIE,Taraba,Lau,NIE-2025-10-01_nOPV_sNID,nOPV2,Rnd1,6,2025-10-06,2025-10-10,2025-10-11,2025,25,35,60,22,35,57,3,0,0,0,0,0,59,98.33,3,Pass,high,0,3,0,0,0,0,0,100
NIE,Taraba,Sardauna,NIE-2025-10-01_nOPV_sNID,nOPV2,Rnd1,7,2025-10-06,2025-10-10,2025-10-11,2025,38,32,70,41,28,69,1,0,0,1,0,0,69,98.57,1,Pass,high,1,0,0,0,100,0,0,0
NIE,Taraba,Takum,NIE-2025-10-01_nOPV_sNID,nOPV2,Rnd1,6,2025-10-06,2025-10-10,2025-10-11,2025,23,37,60,26,32,58,2,1,0,1,0,0,59,98.33,2,Pass,high,2,0,50,0,50,0,0,0
NIE,Taraba,Ussa,NIE-2025-10-01_nOPV_sNID,nOPV2,Rnd1,6,2025-10-06,2025-10-10,2025-10-11,2025,29,31,60,33,26,59,1,0,0,0,0,0,52,86.67,1,Pass,high,0,1,0,0,0,0,0,100
NIE,Taraba,Wukari,NIE-2025-10-01_nOPV_sNID,nOPV2,Rnd1,6,2025-10-06,2025-10-10,2025-10-11,2025,37,23,60,36,24,60,0,0,0,0,0,0,60,100,0,Pass,high,0,0,0,0,0,0,0,0
NIE,Taraba,Yorro,NIE-2025-10-01_nOPV_sNID,nOPV2,Rnd1,6,2025-10-06,2025-10-10,2025-10-11,2025,31,29,60,34,26,60,0,0,0,0,0,0,46,76.67,0,Pass,high,0,0,0,0,0,0,0,0
NIE,Taraba,Zing,NIE-2025-10-01_nOPV_sNID,nOPV2,Rnd1,6,2025-10-06,2025-10-10,2025-10-11,2025,28,32,60,32,23,55,5,0,0,5,0,0,60,100,5,Fail,moderate,5,0,0,0,100,0,0,0
NIE,Yobe,Bade,NIE-2025-10-01_nOPV_sNID,nOPV2 & bOPV,Rnd1,6,2025-10-06,2025-10-10,2025-10-11,2025,37,23,60,44,16,60,0,0,0,0,0,0,60,100,0,Pass,high,0,0,0,0,0,0,0,0
NIE,Yobe,Bursari,NIE-2025-10-01_nOPV_sNID,nOPV2 & bOPV,Rnd1,6,2025-10-06,2025-10-10,2025-10-11,2025,26,34,60,20,40,60,0,0,0,0,0,0,60,100,0,Pass,high,0,0,0,0,0,0,0,0
NIE,Yobe,Damaturu,NIE-2025-10-01_nOPV_sNID,nOPV2 & bOPV,Rnd1,6,2025-10-06,2025-10-10,2025-10-11,2025,21,39,60,16,42,58,2,0,0,2,0,0,56,93.33,2,Pass,high,2,0,0,0,100,0,0,0
NIE,Yobe,Fika,NIE-2025-10-01_nOPV_sNID,nOPV2 & bOPV,Rnd1,6,2025-10-06,2025-10-10,2025-10-11,2025,24,36,60,17,34,51,9,0,2,6,0,0,60,100,9,Fail,poor,8,1,0,22.22,66.67,0,0,11.11
NIE,Yobe,Fune,NIE-2025-10-01_nOPV_sNID,nOPV2 & bOPV,Rnd1,6,2025-10-06,2025-10-10,2025-10-11,2025,29,31,60,30,30,60,0,0,0,0,0,0,59,98.33,0,Pass,high,0,0,0,0,0,0,0,0
NIE,Yobe,Geidam,NIE-2025-10-01_nOPV_sNID,nOPV2 & bOPV,Rnd1,6,2025-10-06,2025-10-10,2025-10-11,2025,27,33,60,37,21,58,2,0,1,1,0,0,59,98.33,2,Pass,high,2,0,0,50,50,0,0,0
NIE,Yobe,Gujba,NIE-2025-10-01_nOPV_sNID,nOPV2 & bOPV,Rnd1,6,2025-10-06,2025-10-10,2025-10-11,2025,33,27,60,38,22,60,0,0,0,0,0,0,60,100,0,Pass,high,0,0,0,0,0,0,0,0
NIE,Yobe,Gulani,NIE-2025-10-01_nOPV_sNID,nOPV2 & bOPV,Rnd1,6,2025-10-06,2025-10-10,2025-10-11,2025,31,29,60,27,32,59,1,0,0,0,0,0,59,98.33,1,Pass,high,0,1,0,0,0,0,0,100
NIE,Yobe,Jakusko,NIE-2025-10-01_nOPV_sNID,nOPV2 & bOPV,Rnd1,6,2025-10-06,2025-10-10,2025-10-11,2025,36,24,60,34,26,60,0,0,0,0,0,0,60,100,0,Pass,high,0,0,0,0,0,0,0,0
NIE,Yobe,Karasuwa,NIE-2025-10-01_nOPV_sNID,nOPV2 & bOPV,Rnd1,6,2025-10-06,2025-10-10,2025-10-11,2025,30,30,60,26,34,60,0,0,0,0,0,0,56,93.33,0,Pass,high,0,0,0,0,0,0,0,0
NIE,Yobe,Machina,NIE-2025-10-01_nOPV_sNID,nOPV2 & bOPV,Rnd1,6,2025-10-06,2025-10-10,2025-10-11,2025,30,30,60,25,34,59,1,0,0,1,0,0,60,100,1,Pass,high,1,0,0,0,100,0,0,0
NIE,Yobe,Nangere,NIE-2025-10-01_nOPV_sNID,nOPV2 & bOPV,Rnd1,6,2025-10-06,2025-10-10,2025-10-11,2025,26,34,60,28,31,59,1,0,0,1,0,0,60,100,1,Pass,high,1,0,0,0,100,0,0,0
NIE,Yobe,Nguru,NIE-2025-10-01_nOPV_sNID,nOPV2 & bOPV,Rnd1,6,2025-10-06,2025-10-10,2025-10-11,2025,31,29,60,30,30,60,0,0,0,0,0,0,60,100,0,Pass,high,0,0,0,0,0,0,0,0
NIE,Yobe,Potiskum,NIE-2025-10-01_nOPV_sNID,nOPV2 & bOPV,Rnd1,6,2025-10-06,2025-10-10,2025-10-11,2025,26,34,60,30,30,60,0,0,0,0,0,0,60,100,0,Pass,high,0,0,0,0,0,0,0,0
NIE,Yobe,Tarmuwa,NIE-2025-10-01_nOPV_sNID,nOPV2 & bOPV,Rnd1,6,2025-10-06,2025-10-10,2025-10-11,2025,31,29,60,30,28,58,2,0,0,2,0,0,58,96.67,2,Pass,high,2,0,0,0,100,0,0,0
NIE,Yobe,Yunusari,NIE-2025-10-01_nOPV_sNID,nOPV2 & bOPV,Rnd1,8,2025-10-06,2025-10-10,2025-10-11,2025,41,39,80,31,30,61,19,0,0,0,0,0,80,100,19,Fail,poor,0,19,0,0,0,0,0,100
NIE,Yobe,Yusufari,NIE-2025-10-01_nOPV_sNID,nOPV2 & bOPV,Rnd1,6,2025-10-06,2025-10-10,2025-10-11,2025,33,27,60,31,28,59,1,1,0,0,0,0,59,98.33,1,Pass,high,1,0,100,0,0,0,0,0
NIE,Zamfara,Anka,NIE-2025-10-01_nOPV_sNID,nOPV2,Rnd1,6,2025-10-06,2025-10-10,2025-10-11,2025,28,32,60,22,38,60,0,0,0,0,0,0,60,100,0,Pass,high,0,0,0,0,0,0,0,0
NIE,Zamfara,Bakura,NIE-2025-10-01_nOPV_sNID,nOPV2,Rnd1,6,2025-10-06,2025-10-10,2025-10-11,2025,31,29,60,36,24,60,0,0,0,0,0,0,60,100,0,Pass,high,0,0,0,0,0,0,0,0
NIE,Zamfara,Birnin Magaji/Kiyaw,NIE-2025-10-01_nOPV_sNID,nOPV2,Rnd1,6,2025-10-06,2025-10-10,2025-10-11,2025,28,32,60,28,32,60,0,0,0,0,0,0,60,100,0,Pass,high,0,0,0,0,0,0,0,0
NIE,Zamfara,Bungudu,NIE-2025-10-01_nOPV_sNID,nOPV2,Rnd1,15,2025-10-06,2025-10-10,2025-10-11,2025,72,78,150,65,60,125,25,7,13,3,0,0,146,97.33,25,Fail,very poor,23,2,28,52,12,0,0,8
NIE,Zamfara,Gummi,NIE-2025-10-01_nOPV_sNID,nOPV2,Rnd1,6,2025-10-06,2025-10-10,2025-10-11,2025,26,34,60,22,28,50,10,0,6,0,0,0,41,68.33,10,Fail,poor,6,4,0,60,0,0,0,40
NIE,Zamfara,Gusau,NIE-2025-10-01_nOPV_sNID,nOPV2,Rnd1,6,2025-10-06,2025-10-10,2025-10-11,2025,31,29,60,28,32,60,0,0,0,0,0,0,60,100,0,Pass,high,0,0,0,0,0,0,0,0
NIE,Zamfara,Kaura Namoda,NIE-2025-10-01_nOPV_sNID,nOPV2,Rnd1,6,2025-10-06,2025-10-10,2025-10-11,2025,29,31,60,28,22,50,10,4,3,2,0,0,60,100,10,Fail,poor,9,1,40,30,20,0,0,10
NIE,Zamfara,Maradun,NIE-2025-10-01_nOPV_sNID,nOPV2,Rnd1,6,2025-10-06,2025-10-10,2025-10-11,2025,34,26,60,34,26,60,0,0,0,0,0,0,60,100,0,Pass,high,0,0,0,0,0,0,0,0
NIE,Zamfara,Maru,NIE-2025-10-01_nOPV_sNID,nOPV2,Rnd1,6,2025-10-06,2025-10-10,2025-10-11,2025,33,27,60,38,22,60,0,0,0,0,0,0,60,100,0,Pass,high,0,0,0,0,0,0,0,0
NIE,Zamfara,Shinkafi,NIE-2025-10-01_nOPV_sNID,nOPV2,Rnd1,6,2025-10-06,2025-10-10,2025-10-11,2025,35,25,60,33,26,59,1,1,0,0,0,0,60,100,1,Pass,high,1,0,100,0,0,0,0,0
NIE,Zamfara,Talata Mafara,NIE-2025-10-01_nOPV_sNID,nOPV2,Rnd1,6,2025-10-06,2025-10-10,2025-10-11,2025,26,34,60,25,34,59,1,0,0,0,0,0,60,100,1,Pass,high,0,1,0,0,0,0,0,100
NIE,Zamfara,Tsafe,NIE-2025-10-01_nOPV_sNID,nOPV2,Rnd1,6,2025-10-06,2025-10-10,2025-10-11,2025,30,30,60,34,26,60,0,0,0,0,0,0,60,100,0,Pass,high,0,0,0,0,0,0,0,0
NIE,Zamfara,Zurmi,NIE-2025-10-01_nOPV_sNID,nOPV2,Rnd1,6,2025-10-06,2025-10-10,2025-10-11,2025,27,33,60,25,34,59,1,1,0,0,0,0,60,100,1,Pass,high,1,0,100,0,0,0,0,0
